"GCM","scenario","proj.year","BWBSpp","MSabN","ESSFabE","ESSFabS","MSdc1","MSdc2","ESSFmww","MSdc3","ESSFxv2","MHunp","ESSFxv1","ESSFxcw","IDFxc","ESSFwc4","IDFww","ICHmw3","ICHmw4","BGxh1","ICHmw5","BGxh2","BGxh3","ICHmw1","ESSFdcp","ESSFdkw","IDFxm","CWHmm1","MSdm2","CWHmm2","IDFxk","ESSFdkp","MSdm1","CWHwh2","ESSFdv2","ICHmc1a","ESSFdv1","SBSwk3a","ESSFdcw","ESSFwm2","IDFxw","ESSFwm3","ESSFwm4","ICHwk2","ICHwk3","ESSFwm1","ICHwk4","MSmw1","MSmw2","ESSFxvp","PPxh3","SBPSmc","PPxh1","PPxh2","IMAunp","ESSFxvw","ICHdk","MHun","IDFdk5","ESSFdvw","IDFdk2","CWHds2","CWHvh1","CWHvh3","ESSFvcp","SWBvks","CWHds1","ESSFdvp","ESSFwmw","CWHws1","ICHdm","ESSFmm1","ESSFmkp","ESSFmm2","ESSFwmp","ESSFmm3","BWBSvk","MHwh1","ICHmk1","ICHvk2","ICHmk2","ESSFvcw","ESSFwvp","ICHmm","ICHvk1","ICHdw4","ESSFmcp","ICHdw1","ESSFwh1","ICHvc","ESSFwh2","ESSFwh3","ICHdw3","SBSdh1","ESSFmk","ICHmk3","SBSdh2","ICHmk4","ICHmk5","ICHmc2","ESSFmv1","ESSFmh","BAFAunp","ESSFmw1","ICHxwa","MHwh","IDFdm1","IDFdm2","ESSFmw","ESSFxc1","ESSFxc2","ESSFvc","ESSFmmw","IDFdc","ICHwc","ESSFmw2","MHwhp","CMAwh","IDFdw","SWBvk","IDFmw1","IDFmw2","ESSFxc3","MSxk1","SBSmk2","MSxk2","BWBSwk1","MSdk","MSxk3","BWBSwk3","CDFmm","IDFxh1","SBSmm","ESSFdc1","ESSFdc2","SBSmh","CWHms2","MSdv","MSdw","SBSmc1","SBSun","ESSFdk1","ICHxw","ESSFmwp","SBSmc3","IDFww1","IDFxx2","ESSFxcp","BGxw1","IDFxh4","BGxw2","SBSmw","CWHwm","ESSFxh_WA","ESSFxw_OR","CWHmh_OR","CWHms_WA","BGdw_OR","IDFdh_MT","IMAun_WA","ESSFxx_WY","CWFwm_OR","MSxk_WA","MHms_WA","IMAun_MT","MHds_WA","ICHmh_MT","PPxx_OR","ESSFdh_WA","IMAun_UT","CMAun_WA","CWHvh_WA","IDFdm_WA","CWHxm_OR","MHRFdm_OR","JPWmk_WY","CWHds_WA","IMAun_ID","CWHms_OR","ESSFdk_MT","MHdm_OR","IMAun_OR","ESSFmw_WA","CMAun_OR","ESSFxc_WA","MHds_OR","MDCHun_NV","IDFdk_WA","ICHxw_WA","IDFxx_WA","IDFxx1","IDFxx_MT","MSdm_WA","MSxx_NV","MSxh_OR","BGmw_OR","MHRFmm_OR","IWFxm_CA","ICHmw_MT","ESSFwh_MT","BAFAun","BGdh_OR","BGdw_WA","BGmk_MT","BGmk_NV","BGmm_MT","BGmw_WA","BGwm_WA","BGxh_WA","BGxx_WY","BSJPap","BSJPku","BSJPpa","BWBScmC","BWBScmE","BWBScmNW","BWBScmW","BWBSdk","BWBSdmN","BWBSdmS","BWBSlbE","BWBSlbN","BWBSlbW","BWBSlf","BWBSmk","BWBSmw","BWBSnm","BWBSub","BWBSuf","BWBSwk2","CCHun_CA","CDFmm_OR","CDFxm_CA","CMAun","CMAun_CA","CMAunp","CMXdm_OR","CMXwm_OR","CMXxm_CA","CRFdh_CA","CVGdm_CA","CWFds_CA","CWFmm_OR","CWHdm","CWHdm_OR","CWHdm_WA","CWHms1","CWHvh2","CWHvm_OR","CWHvm_WA","CWHvm1","CWHvm2","CWHwh_WA","CWHwh1","CWHws2","CWHxm_WA","CWHxm1","CWHxm2","ESSFabC","ESSFabN","ESSFdk2","ESSFdm_ID","ESSFmc","ESSFmmp","ESSFmv2","ESSFmv3","ESSFmv4","ESSFmvp","ESSFun","ESSFunp","ESSFvh_ID","ESSFwc2","ESSFwc3","ESSFwcp","ESSFwcw","ESSFwk1","ESSFwk2","ESSFwm_MT","ESSFwv","ESSFxc_CO","ESSFxk_MT","ESSFxk_UT","ESSFxk_WY","FGff","FGnf","GBDdw_UT","GBDxh_NV","GBDxx_UT","GOun_CO","ICHdh_ID","ICHdw_ID","ICHmc1","ICHmw2","ICHvk_ID","ICHwk1","IDFdh_UT","IDFdh_WA","IDFdk_MT","IDFdk1","IDFdk3","IDFdk4","IDFdkx_MT","IDFdm_MT","IDFdx_MT","IDFdxx_WY","IDFxh_ID","IDFxh_WA","IDFxh2","IDFxm_CO","IGFdk_WA","IGFdw_OR","IGFmh_OR","IGFmm_OR","IGFxm_OR","IMAab","IMAun","IMAun_CO","IMAun_WY","IWFdm_CO","IWFdw_OR","IWFxk_NV","JPWdm_WY","JPWdw_UT","JPWwm_CO","JPWxh_CA","JPWxw_NV","MGPdm","MGPmg","MGPmw_MT","MHmm_WA","MHmm1","MHmm2","MHmmp","MHRFds_CA","MSabS","MSdh_MT","MSdh_UT","MSdh_WY","MSdk_CO","MSdw_MT","MSmm_ID","MSSDun_NV","MSxm_CO","MSxv","OWun_CA","PPmx_WY","PPxh_CO","PPxh_WA","PPxk_OR","PPxm_OR","PPxw_MT","PPxw_WY","SASbo","SBAPcp","SBAPfp","SBPSdc","SBPSmk","SBPSxc","SBSdk","SBSdw1","SBSdw2","SBSdw3","SBSmc2","SBSmk1","SBSvk","SBSwk1","SBSwk2","SBSwk3","SGPdm_CO","SWBmk","SWBmks","SWBun","SWBuns","WJPxm_OR"
"obs","obs",1975,0,35,0,801,0,0,0,1,0,0,25,0,0,8048,300,3046,2889,0,4726,0,0,4800,44,5974,0,0,39,0,1127,3427,4869,0,9,0,0,0,903,1822,0,1764,4205,106,0,1009,11,1,0,26,98,0,0,1,8,0,83,0,1702,11,1,15,0,0,3099,0,324,50,4051,24,4989,666,0,65,2333,2153,0,0,1146,0,21,2750,114,474,5044,451,241,10161,4313,2,568,2261,41,40,14,212,66,936,921,90,2,3961,4,6,249,0,2838,6722,11,28,6,5941,1098,3,1,2,0,0,0,6,115,623,9,4,0,0,1,5659,0,0,0,60,45,3240,358,0,0,0,6664,25,10,7746,4990,10,0,28,2751,7,0,869,0,6,0,0,0,0,0,0,0,42,0,0,1,0,525,0,2,0,0,0,10,0,93,0,0,0,0,0,0,399,0,0,29,0,19,0,0,4,342,0,86,46,35,0,0,0,0,0,0,0,2692,0,0,0,0,0,0,0,0,0,0,0,0,0,0,0,0,4,0,0,0,0,0,0,0,3,0,0,0,0,0,0,0,258,0,359,0,0,0,0,0,0,0,0,0,0,204,0,0,1,0,0,0,0,92,0,0,0,3457,105,7472,0,161,1299,9,476,82,213,45,40,41,3485,1540,6721,7598,626,384,609,148,0,12,0,0,8,0,0,0,0,0,4,674,6,11953,2,8360,0,190,3,5,20,0,0,0,0,0,0,0,32,0,0,0,0,0,8,4895,13003,0,41,0,0,0,0,0,0,0,0,0,0,0,0,0,110,125,0,144,0,0,0,0,227,0,0,0,6,0,0,0,5,0,0,0,0,0,0,19,6,20,0,4,159,25,5,4,68,5,129,196,23,0,0,20,0,1,0
"obs","obs",2005,0,0,0,5219,0,0,1,1,8,0,0,2,1,5041,807,3098,5736,0,3525,0,0,298,1,2888,0,0,156,0,0,1459,2247,0,8,17,0,0,509,192,0,294,11102,240,0,15,19,1,17,37,0,0,262,74,246,0,6,0,211,5,187,617,0,0,14,0,4383,96,1999,617,11281,121,0,14,1607,67,0,0,684,33,3,101,560,198,1580,27,149,15127,1997,1,44,1080,118,32,16,191,26,84,310,180,1,2084,26,211,0,0,213,4993,36,101,50,1244,2,1,0,194,0,0,0,0,1956,695,5,4,0,0,2,2170,0,0,0,427,4,1608,389,8,5,0,4313,148,0,4528,3513,3,0,108,923,15,0,64,0,1,0,487,1,0,0,0,1930,665,0,0,248,0,459,0,0,0,0,0,620,0,398,0,0,0,0,0,0,150,0,0,39,0,311,0,0,524,6463,0,0,1385,2790,0,110,0,0,0,0,28,1743,0,0,0,0,0,1670,191,0,0,0,0,0,0,0,0,0,0,0,0,0,0,0,0,0,18,0,0,8,4,0,131,0,284,0,6251,0,0,0,0,0,0,0,0,3,51,4999,0,0,3,73,4,0,0,139,852,0,0,3358,15,4310,0,182,108,4,2167,3,1383,0,44,1075,2095,743,4187,4819,761,484,10083,1322,0,41,0,0,1217,0,0,0,0,0,340,3234,60,5768,67,2296,0,1598,110,13,1,0,1,836,1,0,0,827,78,0,0,0,0,2100,5475,4327,7173,0,544,0,0,0,0,0,0,0,0,0,0,0,20,45,2781,184,0,3098,0,0,0,0,115,0,0,0,0,0,0,0,1297,0,0,0,0,0,0,158,0,13,0,0,81,18,2,20,730,202,963,508,26,0,0,43,0,0,0
"ensemble","ssp245",2001,NA,NA,NA,3969,NA,NA,NA,NA,NA,NA,NA,NA,NA,8966,854,8220,6906,NA,4214,NA,NA,2599,1,4337,1,NA,15,NA,38,4004,1066,NA,NA,NA,NA,NA,126,944,NA,1411,5168,860,1,462,23,NA,NA,NA,3,NA,104,261,9,NA,26,NA,366,NA,1,1,NA,NA,3041,2,1244,NA,3163,18,7258,882,NA,NA,850,553,NA,NA,1763,16,29,3012,4,230,3876,63,53,16395,4786,NA,141,3318,923,NA,5,117,1,89,35,1,NA,3271,NA,50,NA,NA,913,6744,NA,3,NA,6718,318,NA,NA,28,NA,NA,NA,30,180,2241,NA,NA,NA,NA,34,1152,NA,NA,NA,371,NA,2432,114,29,NA,NA,3334,NA,NA,4569,8255,NA,NA,3,1710,NA,NA,564,NA,7,NA,92,NA,NA,2,NA,688,12,NA,NA,NA,NA,347,NA,2,NA,NA,NA,32,NA,324,NA,NA,NA,NA,NA,NA,45,NA,NA,23,NA,17,NA,NA,NA,5189,NA,49,788,1487,NA,NA,NA,NA,NA,NA,NA,581,NA,NA,NA,NA,NA,1096,NA,129,NA,NA,NA,NA,NA,NA,NA,NA,NA,NA,NA,NA,NA,NA,NA,NA,25,NA,NA,15,5,NA,7,NA,56,NA,366,NA,NA,NA,NA,NA,NA,NA,4,NA,1,1241,NA,NA,6,54,33,NA,NA,30,131,NA,NA,718,120,3431,NA,23,939,98,274,23,81,4,4,194,4189,830,6709,9466,1179,311,3468,8,NA,NA,NA,NA,317,NA,NA,NA,NA,NA,8,2771,2,9555,3,10223,NA,1170,NA,NA,1,NA,NA,20,NA,NA,NA,130,203,NA,1,NA,NA,102,75,2037,9027,NA,1,NA,NA,NA,NA,NA,NA,NA,NA,NA,NA,NA,NA,12,106,67,NA,1597,NA,NA,NA,NA,53,NA,NA,NA,NA,NA,NA,NA,374,NA,NA,NA,NA,NA,NA,17,NA,NA,NA,NA,117,NA,2,NA,105,196,320,466,NA,NA,NA,NA,NA,NA,NA
"ACCESS-ESM1-5","ssp245",2001,0,0,0,4038,0,0,0,0,0,0,0,0,0,8675,1220,7683,9783,2,6016,0,0,2047,0,4532,0,0,9,0,0,3532,279,0,0,0,0,0,48,1183,0,1588,5146,592,0,687,9,0,0,0,165,0,230,90,95,0,4,0,81,0,0,1,0,0,2476,4,1552,0,3692,3,6740,305,0,0,785,388,0,0,428,34,34,2983,0,34,2889,64,10,16503,3747,0,242,5454,726,0,2,81,0,236,11,0,0,2973,0,178,4,0,27,4874,0,0,7,5988,204,0,0,121,0,0,0,19,231,1747,0,1,3,0,44,575,0,0,0,187,0,1422,12,3,0,0,1891,0,0,4111,7811,0,0,9,475,0,0,181,0,7,0,500,0,0,79,0,1211,13,0,0,91,10,356,0,23,0,0,0,109,0,680,0,0,0,0,0,0,66,0,0,26,0,47,0,0,13,9058,0,18,1246,3108,0,6,0,0,0,0,0,241,0,0,0,0,0,1463,0,115,0,0,0,0,0,0,0,0,0,0,0,0,0,0,0,0,7,0,0,1,0,0,252,0,40,0,427,1,9,0,0,0,0,0,2,5,8,1468,0,0,0,19,18,0,0,5,735,0,0,194,22,2014,0,10,924,255,218,19,66,9,1,433,3609,592,6148,9954,751,903,3511,0,0,14,0,0,505,0,0,0,0,0,29,4681,0,8941,32,11601,28,1674,74,0,0,0,0,268,0,0,0,645,104,1,1,0,0,213,405,891,7580,0,10,0,0,0,0,0,0,0,0,0,9,0,1,13,281,35,0,1388,0,0,0,0,160,0,0,0,0,0,0,0,967,0,0,0,0,0,0,128,0,0,0,0,32,0,0,0,111,470,289,965,0,0,0,0,0,0,0
"BCC-CSM2-MR","ssp245",2001,0,0,0,4537,0,0,0,0,0,0,0,0,1,7633,1637,8192,10297,1,6527,0,0,783,11,3369,0,0,54,0,0,2984,354,0,0,0,0,0,16,206,0,1623,10267,393,5,696,15,0,0,0,13,0,533,279,46,0,0,0,69,0,18,0,0,0,2029,0,922,0,4912,14,6600,74,0,0,763,26,0,0,298,35,51,1867,2,0,763,80,0,18451,2958,0,44,6050,623,0,0,31,0,192,2,2,0,3006,0,64,12,0,184,5827,0,5,0,4180,26,0,0,106,0,0,0,7,406,2088,4,0,0,0,99,272,0,0,0,581,0,695,55,41,0,0,4448,0,0,4426,9373,0,0,2,753,0,0,214,0,47,0,422,0,0,8,0,772,6,0,0,144,1,180,0,0,0,0,0,17,0,829,0,0,0,0,0,0,3,0,0,9,0,71,0,0,25,7527,0,7,1230,3255,0,9,0,0,0,0,0,210,0,0,0,0,0,1599,0,198,0,0,0,0,0,0,0,1,0,0,0,0,0,0,0,0,125,0,0,58,34,0,55,0,18,0,211,1,0,0,0,0,0,0,3,0,4,944,0,0,0,51,12,0,0,0,72,0,0,230,233,1525,0,0,536,1858,272,111,170,0,0,144,4563,1091,8243,11217,854,377,2679,14,0,5,0,0,508,0,0,0,0,0,11,1876,0,5870,8,9811,0,2495,5,1,0,0,0,21,0,0,0,863,68,0,2,0,0,480,686,1470,8051,0,1,0,0,0,0,0,0,0,0,0,0,0,0,13,94,14,0,1924,0,0,0,0,21,0,0,0,0,0,0,0,1289,0,0,0,0,0,0,234,0,0,0,0,41,4,32,0,190,38,518,770,0,0,0,7,0,0,0
"CNRM-ESM2-1","ssp245",2001,0,0,0,3145,0,0,2,0,0,0,0,0,0,9187,1105,5422,5580,0,4781,0,0,3820,5,4933,0,0,26,0,156,3547,1543,0,1,0,0,0,228,1034,0,1615,6629,471,0,461,9,10,0,0,186,0,291,81,39,0,15,0,1361,0,31,17,0,0,3416,4,405,9,3550,9,7758,571,3,8,1360,1119,0,0,987,5,7,3049,29,255,3744,18,94,13501,4263,0,187,3430,370,3,10,179,14,163,282,8,1,2934,0,105,24,0,1415,5935,0,3,17,6121,709,0,0,22,0,0,0,21,261,1213,5,1,0,0,14,2167,0,0,0,372,1,2048,191,7,0,0,7043,12,3,6626,8522,0,0,18,2449,1,0,792,0,9,0,8,0,0,4,0,233,29,0,0,1,0,566,0,24,0,0,0,7,0,524,0,0,0,0,0,0,391,0,0,28,0,29,0,0,0,3904,0,60,145,839,0,0,0,0,0,0,0,765,0,0,0,0,0,244,24,81,0,0,0,0,0,0,0,0,0,0,0,0,0,0,0,0,4,0,0,0,4,0,0,0,88,0,336,0,0,0,0,0,0,0,0,0,2,847,0,0,0,12,31,0,0,20,0,0,0,950,94,3868,0,39,1270,38,477,29,105,5,10,202,3236,1149,6283,8477,1198,273,3183,80,0,4,0,0,184,0,0,0,0,0,45,3071,3,9078,10,9310,0,795,48,0,0,0,0,41,0,0,0,66,81,0,1,0,0,117,648,2581,10601,0,6,0,0,0,0,0,0,0,0,0,1,0,0,7,197,93,0,1010,0,0,0,0,221,0,0,0,0,0,0,0,692,0,0,0,0,0,0,14,0,0,0,0,106,0,8,0,127,93,494,342,4,0,0,0,0,0,0
"EC-Earth3","ssp245",2001,0,0,0,5051,0,0,8,0,0,0,0,0,0,9068,1232,7612,9155,0,3961,0,0,1321,8,3541,0,0,28,0,3,3512,440,0,0,0,0,0,41,746,0,1285,7331,506,2,517,5,5,0,0,24,0,263,219,79,0,0,0,281,0,7,11,0,0,2571,3,1494,0,3407,48,9512,204,0,1,1077,287,0,0,414,25,36,2941,15,32,1920,122,4,16196,3623,0,86,4690,450,0,0,68,0,188,46,0,0,1951,0,193,25,0,336,5211,0,5,12,5462,127,0,0,88,0,0,0,10,912,1432,0,0,2,0,41,782,0,0,0,363,0,1076,71,17,0,0,4854,0,0,4780,7314,0,0,4,968,1,0,276,0,22,0,163,0,0,9,0,895,29,0,0,137,2,374,0,0,0,0,0,51,0,864,0,0,0,0,0,0,84,0,0,11,0,79,0,0,39,7097,0,29,610,2527,0,47,0,0,0,0,0,349,0,0,0,0,0,1101,4,135,0,0,0,0,0,0,0,0,0,0,0,0,0,0,0,0,20,0,0,0,3,0,44,0,63,0,592,0,0,0,0,0,0,0,3,0,12,2171,0,0,3,158,81,0,0,1,201,0,0,443,29,1999,0,2,656,199,388,19,83,0,0,545,3086,1354,7197,9361,1308,429,4915,61,0,3,0,0,276,0,0,0,0,0,91,4363,1,7128,51,8607,0,2010,10,0,1,0,0,65,0,0,0,479,89,0,1,0,0,554,1350,1393,9374,0,45,0,0,0,0,0,0,0,0,0,0,0,0,24,372,36,0,2093,0,0,0,0,126,0,0,0,0,0,0,0,1662,0,0,0,0,0,0,58,0,0,0,0,82,3,0,0,176,96,703,477,0,0,0,0,0,0,0
"GFDL-ESM4","ssp245",2001,0,2,0,4166,0,0,0,0,0,0,0,0,0,7549,494,7208,3444,0,4089,0,0,3332,49,4430,0,0,32,0,389,3927,2183,0,1,0,0,0,493,1583,0,1797,5365,437,0,346,25,0,0,0,290,0,62,144,26,0,58,0,659,2,40,41,0,0,755,5,482,1,3993,30,6212,759,1,6,1505,815,0,0,1999,5,53,1253,39,560,6144,318,131,12353,4447,1,367,2474,969,43,31,232,1,49,191,17,7,3560,0,59,29,0,2137,5143,0,70,28,4719,512,0,0,36,0,0,0,77,393,1750,5,13,28,0,46,2152,0,0,0,612,10,3059,157,23,0,0,5468,2,0,4742,7571,1,0,15,3055,9,0,969,0,5,0,326,0,0,13,0,21,43,0,0,0,1,353,0,0,0,0,0,32,0,408,0,0,0,0,0,0,117,0,0,39,0,8,0,0,1,2639,0,203,181,1593,0,0,0,0,0,0,0,1004,0,0,0,0,0,131,0,5,0,0,0,0,0,0,0,0,4,0,0,0,0,0,0,0,18,0,0,2,6,0,0,0,91,0,581,0,0,0,0,0,0,0,0,0,0,638,0,0,4,2,8,0,0,53,0,0,0,1504,32,4323,0,68,827,173,580,34,147,2,9,89,5689,1637,7986,9845,689,963,2618,41,0,6,0,0,171,0,0,0,0,0,13,1179,3,13467,8,9359,0,847,16,8,23,0,0,6,0,0,0,8,239,0,0,0,0,7,152,2369,10710,0,28,0,0,0,0,0,0,0,0,0,0,0,0,4,181,111,0,1276,0,0,0,0,40,0,0,1,1,0,0,0,152,0,0,0,0,0,0,7,0,0,0,0,255,16,0,0,157,417,302,1222,1,0,0,9,0,0,0
"GISS-E2-1-G","ssp245",2001,0,0,0,1159,0,0,0,0,0,0,0,0,0,6272,532,13360,4860,0,4166,0,0,1550,4,5525,5,0,2,0,31,3866,1026,0,0,0,0,0,187,1753,0,1131,2214,1292,24,1803,183,0,0,0,161,0,46,143,5,0,83,0,340,0,1,4,0,0,3932,75,1060,0,3276,67,4692,1688,0,5,811,468,0,0,2736,6,15,4376,8,336,7192,764,14,12737,4102,3,351,3000,1442,1,1,262,2,856,150,39,0,3067,0,11,102,0,777,6756,0,2,9,10205,521,0,0,1,0,0,0,224,593,3174,0,0,1,0,68,1640,0,0,0,80,1,1353,60,115,0,0,2752,2,7,4759,7724,0,0,0,2282,0,0,1042,0,16,0,18,0,0,8,0,99,1,0,0,0,1,442,0,25,0,0,0,1,0,70,0,0,0,0,0,0,164,0,0,4,0,3,0,0,0,2409,0,168,274,498,0,0,0,0,0,0,0,631,0,0,0,0,0,257,0,39,0,0,0,0,0,0,0,0,0,0,0,0,0,0,0,1,50,0,0,58,17,0,0,0,233,0,224,0,0,0,0,0,0,0,45,0,5,660,0,0,0,80,84,0,0,30,71,0,0,700,209,4782,0,13,2071,338,82,110,54,15,58,166,4354,1299,6216,7870,1370,1207,2239,11,0,8,0,0,128,0,0,0,0,0,12,1928,11,9228,0,13216,0,433,6,0,1,0,0,2,0,0,0,3,793,0,1,0,0,0,143,2424,9077,0,0,0,0,0,0,0,0,0,0,0,0,0,1,18,158,112,0,775,0,0,0,0,161,0,0,0,0,0,0,0,8,0,0,0,0,0,0,23,0,0,0,0,239,9,3,0,141,447,224,812,0,0,0,0,0,0,0
"MIROC6","ssp245",2001,0,0,0,224,0,0,0,0,3,0,0,0,0,7528,975,12756,5020,7,8562,0,0,1360,10,1993,0,1,84,0,26,1264,2445,0,4,0,0,0,448,577,0,1612,4210,768,87,232,97,0,0,0,25,0,1324,1259,97,0,0,0,332,0,25,19,0,0,4340,18,4503,0,1547,1056,1843,1450,0,47,569,65,22,0,4488,164,135,3810,418,243,1762,1524,34,13304,4331,2,108,2934,620,0,1,84,2,109,20,169,19,4472,0,15,49,0,843,1700,2,1,17,8448,122,0,0,105,0,0,0,93,4260,2276,3,2,2,1,94,336,0,0,0,5851,1,3486,141,634,0,0,344,2,0,3021,7221,0,0,0,10,0,0,225,0,155,21,24,0,0,0,0,0,1,0,0,0,0,88,0,0,0,0,0,15,0,3,0,0,0,0,0,0,11,0,0,0,0,0,0,0,0,1903,0,15,0,126,0,0,0,0,0,0,0,482,0,0,0,0,0,1075,0,125,0,0,0,0,0,0,0,0,0,0,0,0,0,0,1,0,4,0,0,17,15,0,597,0,865,0,524,0,0,0,0,0,0,0,98,13,29,1607,0,0,0,155,368,0,0,410,3096,0,0,141,351,1753,0,89,2526,575,380,77,435,5,6,125,5974,1462,5922,8674,2157,384,1204,951,0,0,0,0,160,0,0,0,0,0,0,253,103,10636,1,14341,0,130,0,1,0,0,0,0,0,0,0,2,546,0,1,0,0,0,5,1645,8095,0,0,0,0,0,0,0,0,0,0,0,5,0,0,134,1029,383,0,280,0,0,0,0,1,0,0,0,0,0,0,0,14,0,0,0,0,0,0,55,0,0,0,0,228,6,184,2,918,536,2052,241,2,0,0,3,0,0,0
"MPI-ESM1-2-HR","ssp245",2001,0,1,0,669,0,0,0,0,0,0,0,0,0,7518,872,8044,4433,0,4246,0,0,3241,14,4785,8,0,8,0,138,2881,1946,0,0,0,0,0,385,2012,0,1495,4059,837,11,966,99,0,0,0,293,0,4,330,22,0,112,2,736,0,2,185,0,0,2988,6,935,1,3063,18,5975,1948,0,16,976,641,0,0,3285,38,34,3097,141,620,5408,201,106,14020,4489,0,468,2641,668,10,6,273,21,432,218,18,1,3820,0,26,92,0,1273,6271,0,1,26,6952,490,0,0,18,0,0,0,33,435,2556,4,0,1,0,30,1831,0,0,0,97,20,2615,138,120,0,0,3184,7,1,5710,8294,0,0,8,2593,0,0,1004,0,14,0,70,0,0,3,0,51,2,0,0,0,0,382,0,2,0,0,0,0,0,285,0,0,0,0,0,0,218,0,0,29,0,8,0,0,0,2321,0,119,382,591,0,0,0,0,0,0,0,770,0,0,0,0,0,216,0,1,0,0,0,0,0,0,0,0,0,0,0,0,0,0,0,0,10,0,0,10,11,0,0,0,151,0,294,0,0,0,0,0,0,0,2,0,3,612,0,0,12,4,19,0,0,93,63,0,0,575,367,4604,0,26,1873,64,353,39,193,72,16,211,4928,2052,6379,8015,1352,440,2015,104,0,1,0,0,99,0,0,0,0,0,21,1572,2,13103,7,11180,0,374,5,1,3,0,0,26,0,0,0,3,730,0,1,0,0,0,567,3386,8609,0,1,0,0,0,0,0,0,0,0,0,0,0,0,3,385,131,0,495,0,0,0,0,108,0,0,0,0,0,0,0,0,0,0,0,0,0,0,6,0,1,0,0,298,12,36,2,289,415,519,320,6,0,0,9,0,0,0
"MRI-ESM2-0","ssp245",2001,0,0,0,6737,0,0,0,0,0,0,0,0,0,8431,394,9038,9128,0,1806,0,0,1172,0,4105,7,0,5,0,0,3680,765,0,0,0,0,0,121,1218,0,1546,5271,1356,2,413,64,0,0,0,40,0,11,81,1,0,79,0,33,0,7,20,0,0,858,1,2096,0,3234,20,8914,790,0,0,1086,457,0,0,945,10,37,1423,1,198,5755,145,5,15594,5618,0,116,3407,1227,0,6,180,0,141,39,1,0,927,0,90,33,0,780,7623,0,0,32,3976,359,0,0,7,0,0,0,78,410,2044,0,0,0,0,4,810,0,0,0,191,0,1448,103,77,0,0,1876,2,0,2162,7643,0,0,0,1345,1,0,796,0,1,0,99,0,0,5,0,1741,6,0,0,0,2,467,0,45,0,0,0,22,0,112,0,0,0,0,0,0,120,0,0,8,0,19,0,0,0,4230,0,114,1664,1693,0,0,0,0,0,0,0,521,0,0,0,0,0,610,0,50,0,0,0,0,0,0,0,0,0,0,0,0,0,0,0,0,3,0,0,26,1,0,48,0,22,0,266,0,0,0,0,0,0,0,4,81,337,1556,0,0,68,76,117,0,0,2,376,0,0,925,36,4828,0,11,528,101,195,4,24,0,1,492,4020,682,6811,9705,707,1298,5570,0,0,14,0,2,906,0,0,0,0,0,215,4332,0,8633,46,9284,0,651,254,0,0,0,0,462,7,0,0,16,212,5,1,0,0,107,1141,3158,7780,0,27,0,0,0,0,0,0,0,0,0,0,0,0,14,166,18,0,3107,0,0,0,2,318,0,0,0,0,0,0,0,13,0,0,0,0,0,0,185,0,0,0,0,147,2,0,0,70,546,131,840,0,0,0,4,0,0,0
"ensemble","ssp245",2021,NA,NA,NA,4723,NA,NA,NA,NA,NA,NA,NA,NA,NA,9986,1255,9623,12664,1,4619,NA,NA,585,NA,3332,NA,NA,12,NA,NA,2659,417,NA,NA,NA,NA,NA,15,194,NA,780,5412,667,2,397,9,NA,NA,NA,5,NA,54,110,17,NA,NA,NA,19,NA,NA,NA,NA,NA,2004,4,2928,NA,2067,23,8526,178,NA,NA,515,54,NA,NA,200,15,24,2205,1,7,1279,583,2,22816,3294,NA,35,5919,1201,NA,NA,13,NA,222,1,NA,NA,2293,NA,114,NA,NA,4,2984,NA,NA,NA,6236,22,NA,NA,106,NA,NA,NA,46,636,934,NA,NA,NA,NA,24,46,NA,NA,NA,688,NA,1289,28,3,NA,NA,799,NA,NA,2726,6404,NA,NA,NA,139,NA,NA,10,NA,1,NA,218,NA,NA,5,NA,453,1,NA,NA,101,NA,173,NA,11,NA,NA,NA,89,NA,498,NA,NA,NA,NA,NA,NA,NA,NA,NA,3,NA,68,NA,NA,58,8005,NA,NA,377,3118,NA,3,NA,NA,NA,NA,NA,135,NA,NA,NA,NA,NA,2173,NA,7,NA,NA,NA,NA,NA,NA,NA,NA,NA,NA,NA,NA,NA,NA,NA,NA,13,NA,NA,48,NA,NA,575,NA,100,NA,1115,NA,NA,NA,NA,NA,NA,NA,82,207,234,3977,NA,NA,6,373,263,NA,NA,8,3176,NA,NA,55,72,1021,NA,3,248,405,176,6,46,NA,NA,899,3579,687,6213,9548,1112,339,5108,2,NA,NA,NA,NA,803,NA,NA,NA,NA,4,213,3820,1,7678,73,10037,9,4916,5,NA,NA,NA,NA,761,NA,1,NA,407,107,NA,1,NA,NA,461,1659,698,6187,NA,173,NA,NA,NA,NA,NA,NA,NA,NA,NA,NA,NA,NA,132,215,50,NA,1585,NA,NA,NA,NA,5,NA,NA,NA,NA,NA,NA,NA,601,NA,NA,NA,NA,NA,NA,260,NA,NA,NA,NA,3,NA,1,NA,18,136,105,396,NA,NA,NA,NA,NA,NA,NA
"ACCESS-ESM1-5","ssp245",2021,0,0,0,1797,0,0,0,0,0,0,0,0,0,8397,2082,12598,15694,74,8507,0,0,71,9,1750,0,0,7,0,0,923,158,0,0,0,0,0,54,321,0,2512,2733,160,1,532,3,0,0,0,80,0,0,283,220,0,0,0,0,0,0,0,0,0,2001,1,6008,0,2966,48,4899,84,0,0,256,12,0,0,147,65,10,2373,0,5,1069,489,0,18744,3268,0,43,9308,682,0,0,8,0,69,0,0,0,3776,0,25,2,0,0,576,0,0,0,5136,1,0,0,249,0,0,0,27,1324,734,0,0,0,0,19,3,0,0,0,466,0,1843,0,1,0,0,105,0,0,2064,6164,0,0,0,55,0,0,27,0,9,0,735,0,0,8,0,255,0,0,0,2,1,116,0,71,0,0,0,56,0,13,0,0,0,0,0,0,0,0,0,8,0,5,0,0,0,13984,0,0,23,1788,0,0,0,0,0,0,0,42,0,0,0,0,0,3084,0,5,0,0,0,0,0,0,0,0,0,0,0,0,0,0,0,1,5,0,0,5,2,0,1297,0,105,0,820,0,561,0,0,0,0,0,160,414,153,3536,0,0,3,165,191,0,0,4,3824,2,12,13,9,273,0,0,405,682,6,3,50,0,0,1041,4715,417,4371,8412,281,802,3252,3,0,0,0,0,829,0,0,0,0,12,224,3293,6,9264,194,13466,88,6747,0,0,0,0,0,443,12,1,0,54,25,0,0,0,0,266,1082,69,3823,0,4,0,0,0,0,0,0,0,81,0,20,0,2,151,455,28,0,964,0,0,0,0,12,0,0,0,0,0,0,0,817,0,0,3,0,0,0,405,0,0,0,0,4,0,2,0,1,270,170,313,0,0,0,0,0,0,0
"BCC-CSM2-MR","ssp245",2021,0,0,0,6945,0,0,0,0,0,0,0,0,0,10167,1872,5073,12364,0,5451,0,0,378,0,4918,0,0,22,0,0,2443,55,0,0,0,0,0,20,534,0,3038,5063,80,0,1164,1,15,1,0,0,0,0,0,16,0,0,0,0,0,1,0,0,0,361,0,300,0,4483,0,12737,1,0,0,1712,8,0,0,42,0,13,347,0,0,490,1,0,18408,2135,0,81,8952,122,0,0,8,0,475,0,0,0,1455,0,122,0,0,0,2397,0,0,0,2494,14,0,0,2,0,0,0,17,24,499,0,0,0,0,12,109,0,0,0,22,0,755,2,0,0,0,982,0,0,3218,4360,0,0,1,334,0,0,0,0,0,0,230,59,0,71,0,662,17,0,0,297,0,293,0,10,0,0,0,152,0,700,0,0,0,0,0,0,0,0,0,41,0,113,0,0,198,4517,0,0,711,3324,0,8,0,0,0,0,0,73,0,0,0,0,0,1308,0,2,0,0,0,0,0,0,0,0,0,0,0,0,0,0,0,6,7,0,0,1,0,0,0,0,0,0,382,0,64,0,0,0,0,0,0,34,25,1377,0,0,2,4,0,0,0,0,114,0,0,6,0,1162,0,0,505,108,77,5,1,0,0,1392,2123,23,6145,8080,114,106,11346,0,0,79,0,22,198,0,0,0,0,265,1057,7930,0,9694,210,6751,29,3010,70,0,0,0,100,3194,12,260,166,297,8,0,13,0,93,6083,7752,143,7895,0,1513,0,0,6,0,0,0,0,650,0,0,0,0,4,178,0,0,730,0,100,13,0,899,3,0,0,0,0,0,0,597,0,0,0,1,0,0,27,0,0,0,0,1,0,0,0,83,1,10,660,0,0,0,0,0,0,0
"CNRM-ESM2-1","ssp245",2021,0,0,0,5602,0,0,0,0,0,0,0,0,0,9509,1175,6940,7777,3,4752,0,0,1630,1,3737,0,0,12,0,0,3569,133,0,0,0,0,0,29,1404,0,1024,4004,506,0,468,7,7,0,0,74,0,139,42,50,0,0,0,19,0,0,1,0,0,1861,6,1114,0,3853,41,9392,197,0,0,1618,433,0,0,450,12,27,2737,0,55,3054,79,15,15323,4353,0,317,4255,543,0,6,63,0,211,21,0,0,2121,0,246,0,0,56,3106,0,0,8,5283,207,0,0,75,0,0,0,72,316,1346,0,0,1,0,21,509,0,0,0,143,0,936,32,0,0,0,1588,0,0,4314,5841,0,0,9,410,0,0,4,0,1,0,784,0,0,39,0,1658,17,0,0,98,1,422,0,17,0,0,0,97,0,881,0,0,0,0,0,0,9,0,0,29,0,61,0,0,2,7917,0,23,1774,3655,0,10,0,0,0,0,0,264,0,0,0,0,0,1674,0,50,0,0,0,0,0,0,0,0,0,0,0,0,0,0,0,0,2,0,0,0,0,0,101,0,43,0,551,0,2,0,0,0,0,0,0,71,19,2010,0,0,1,39,34,0,0,6,582,0,0,130,2,1735,0,11,840,128,370,13,9,1,0,1537,2735,445,5073,7678,707,745,7023,3,0,26,0,1,464,0,0,0,0,1,953,8828,0,9645,251,9719,13,3021,225,0,0,0,4,2759,0,0,0,410,118,0,2,0,0,656,2482,832,7292,0,587,0,0,0,0,0,0,0,0,0,10,0,0,6,399,36,0,1094,0,0,0,0,449,0,0,0,0,0,0,0,596,0,0,0,0,0,0,76,0,0,0,0,27,0,0,0,128,283,286,816,0,0,0,0,0,0,0
"EC-Earth3","ssp245",2021,0,0,0,6212,0,0,1,0,0,0,0,0,0,8351,1120,9024,14669,0,2582,0,0,7,10,2963,0,0,3,0,0,2845,137,0,0,0,0,0,16,326,0,2083,4872,258,3,980,8,2,0,0,269,0,36,44,73,0,0,0,0,0,0,0,0,0,953,6,4795,0,3154,139,9660,57,0,0,1105,0,1,0,149,52,4,1362,0,0,886,552,0,19620,3526,0,40,7555,344,0,0,7,0,654,0,0,0,772,0,115,1,0,28,3077,0,0,4,3078,1,0,0,50,0,0,0,60,1246,379,0,0,0,0,10,4,0,0,0,308,0,294,1,0,0,0,309,0,0,2086,4621,0,0,0,104,0,0,203,0,5,0,254,5,0,2,0,1246,2,0,0,9,0,238,0,5,0,0,0,54,0,64,0,0,0,0,0,0,1,0,0,0,0,26,0,0,0,5867,0,0,1283,2609,0,0,0,0,0,0,0,96,0,0,0,0,0,1932,5,0,0,0,0,0,0,0,0,0,0,0,0,0,0,0,0,0,3,0,0,12,0,0,385,0,106,0,1279,0,26,0,0,0,0,0,30,783,516,4921,0,0,28,513,212,0,0,0,2326,0,0,36,25,1089,0,0,260,345,4,7,24,0,0,1592,3303,503,6211,8975,762,455,8070,1,0,14,0,1,972,0,0,0,0,0,1487,8629,1,7797,185,5438,0,1599,35,0,0,0,0,2662,3,53,0,122,56,0,0,0,0,1880,5572,513,6069,0,444,0,0,0,0,0,0,0,0,0,0,0,0,70,940,88,0,2748,0,0,0,0,344,0,0,0,0,0,0,0,331,0,0,0,0,0,0,688,0,0,0,0,1,0,0,0,2,189,105,109,0,0,0,0,0,0,0
"GFDL-ESM4","ssp245",2021,0,0,0,4477,0,0,1,0,0,0,0,0,0,10091,1284,6047,11098,16,7763,0,0,607,15,2158,0,0,56,0,0,1029,1309,0,0,0,0,0,107,380,0,1945,8695,224,0,158,3,3,0,0,37,0,809,11,147,0,0,0,126,0,89,26,0,0,1962,0,1272,0,4155,8,8328,217,0,0,680,43,0,0,513,38,51,1644,89,9,697,108,0,18094,3197,0,22,6482,327,0,0,29,0,139,4,1,0,3811,0,129,5,0,177,3942,0,38,7,3171,7,0,0,218,0,0,0,7,607,1245,2,2,0,0,59,149,0,0,0,567,0,2100,99,8,0,0,1889,0,0,2870,7080,0,0,3,773,0,0,68,0,35,0,401,3,0,9,0,446,18,0,0,159,0,126,0,0,0,0,0,64,0,1544,0,0,0,0,0,0,0,0,0,11,0,63,0,0,31,9065,0,26,437,4250,0,108,0,0,0,0,0,150,0,0,0,0,0,1696,23,183,0,0,0,0,0,0,0,0,0,0,0,0,0,0,0,0,40,0,0,1,5,0,76,0,61,0,1024,0,0,0,0,0,0,0,2,13,48,3181,0,0,0,50,27,0,0,0,475,0,0,236,110,995,0,3,399,695,399,56,288,0,0,195,3352,1227,8235,13320,885,472,2254,94,0,1,0,0,494,0,0,0,0,0,19,1637,1,8170,10,8253,0,2290,0,3,0,0,0,105,0,0,0,714,114,0,1,0,0,1076,2358,1184,7258,0,1,0,0,0,0,0,0,0,0,0,133,0,0,20,494,24,0,2365,0,0,0,0,7,0,0,0,0,0,0,0,2774,0,0,0,0,0,0,143,0,0,0,0,44,2,1,0,95,95,602,511,0,0,0,0,0,0,0
"GISS-E2-1-G","ssp245",2021,0,0,0,658,0,0,1,0,0,0,0,0,0,4792,698,23040,12433,0,5521,0,0,349,4,2544,0,0,2,0,0,1797,600,0,0,0,0,0,170,885,0,732,3727,1101,85,1422,72,0,0,0,161,0,44,346,56,0,0,0,4,0,0,0,0,0,2800,123,6266,0,1931,512,3453,1226,0,0,288,44,1,0,808,135,9,3842,2,40,4461,1674,0,16802,3856,0,117,4653,2272,0,0,29,0,161,2,0,0,1555,0,32,120,0,98,4543,0,0,0,9143,79,0,0,103,0,0,0,341,777,2049,0,0,0,0,45,28,0,0,0,2450,0,548,5,182,0,0,628,0,0,2259,7289,0,0,0,83,0,0,1209,0,32,0,15,0,0,0,0,176,0,0,0,0,1,137,0,8,0,0,0,4,0,4,0,0,0,0,0,0,1,0,0,0,0,0,0,0,0,4684,0,25,254,211,0,0,0,0,0,0,0,145,0,0,0,0,0,2047,0,5,0,0,0,0,0,0,0,1,0,0,0,0,0,0,0,0,18,0,0,87,3,0,998,0,299,0,716,0,11,0,0,0,0,0,425,102,418,3219,0,0,21,1010,940,0,0,23,4422,0,8,25,237,1330,0,1,1270,1018,12,42,80,3,40,634,6416,1401,4882,7125,1829,1136,2869,4,0,1,0,0,455,0,0,0,0,0,104,1310,7,4407,38,13782,0,2177,0,0,0,0,0,8,0,0,0,2,456,2,1,0,0,0,73,632,5179,0,0,0,0,0,0,0,0,0,0,0,0,0,0,436,645,254,0,1399,0,0,0,0,42,0,0,0,0,0,0,0,11,0,0,0,0,0,0,438,0,0,0,0,31,0,10,0,15,311,250,301,0,0,0,0,0,0,0
"MIROC6","ssp245",2021,0,0,0,47,0,0,0,0,0,0,0,0,0,7345,803,7727,8765,52,6509,0,0,18,0,590,0,153,15,457,0,247,1583,1,0,0,0,0,43,45,0,1157,6951,679,275,170,115,0,0,0,0,0,522,1055,40,0,0,0,7,0,55,0,0,0,2421,6,21573,0,476,1282,4803,823,0,0,199,0,134,0,1589,374,10,3250,429,1,724,2527,1,16510,3312,0,1,3278,684,0,0,3,0,3,0,162,0,2161,0,0,65,0,171,892,0,1,3,4058,1,0,0,115,0,0,0,14,3833,483,0,0,0,0,6,0,0,0,0,6189,4,1336,79,429,241,0,312,1,0,1715,9531,0,0,0,2,0,0,534,0,32,224,0,0,0,0,0,0,0,0,0,0,0,107,0,0,0,0,0,5,0,0,0,0,0,0,0,0,6,0,0,0,0,0,0,0,0,1107,1,0,0,7,0,0,0,0,0,0,0,142,0,0,0,0,0,1835,0,2,0,0,0,0,0,0,0,19,0,0,0,0,0,0,1,0,0,0,0,133,2,0,1732,0,1504,0,2387,0,1,0,0,0,0,0,1821,17,1012,5541,0,0,13,1035,4630,0,0,277,9243,366,335,41,461,812,0,2,1417,470,633,7,140,0,0,234,4483,2389,4926,8510,3180,275,781,1171,0,0,0,0,235,0,0,0,0,0,0,43,70,4147,16,10365,0,133,0,0,0,0,0,0,0,0,0,2,89,0,0,0,0,3,47,1231,4671,0,0,0,0,0,0,0,0,0,0,0,0,0,0,2716,901,541,0,643,0,0,0,0,3,0,0,0,0,0,0,0,1,0,0,0,0,0,0,245,0,0,0,0,89,0,62,0,262,670,1079,8,0,0,0,0,0,0,0
"MPI-ESM1-2-HR","ssp245",2021,0,0,0,1014,0,0,2,0,0,0,0,0,1,10147,2548,8760,6518,0,7455,0,0,2476,3,2794,0,0,84,0,5,1769,243,0,0,0,0,0,91,161,0,537,6378,198,0,625,3,0,0,0,8,0,332,594,158,0,0,0,575,0,1,39,0,0,2732,6,1540,1,1974,81,7088,185,0,0,825,270,0,0,182,41,78,3041,3,6,2325,2,18,16876,3451,0,57,3456,592,1,0,51,0,391,12,6,0,4194,0,202,7,0,65,2391,0,44,0,7195,123,0,0,269,0,0,0,50,845,1800,3,2,7,0,71,612,0,0,0,493,0,2172,73,2,0,0,4648,0,1,6753,6597,0,0,13,588,10,0,23,0,8,0,317,4,0,37,0,38,78,0,0,200,1,263,0,0,0,0,0,64,0,874,0,0,0,0,0,0,4,0,0,16,0,107,0,0,219,8650,0,25,40,2826,0,285,0,0,0,0,3,160,0,0,0,0,0,2226,2,133,0,0,0,0,0,0,0,0,0,0,0,0,0,0,0,0,82,0,0,0,3,0,471,0,75,0,344,0,0,0,0,0,0,0,1,0,8,1268,0,0,0,56,56,0,0,31,985,0,0,65,9,385,0,17,702,813,649,12,115,46,0,1186,4208,802,6229,9103,857,946,3967,52,0,1,0,0,30,0,0,0,0,0,55,2660,0,7761,43,12885,0,5611,4,1,0,0,0,12,0,0,0,483,293,0,2,0,0,2523,1217,691,6350,0,399,0,0,0,0,0,0,0,0,0,0,0,0,19,392,59,0,335,0,0,0,0,36,0,0,0,0,0,0,0,1954,0,0,0,0,0,0,11,0,0,0,0,4,0,12,0,227,133,411,1118,0,0,0,0,0,0,0
"MRI-ESM2-0","ssp245",2021,0,0,0,1932,0,0,1,0,0,0,0,0,0,7278,307,13867,19943,0,3432,0,0,29,0,3157,0,0,0,0,0,1961,141,0,0,0,0,0,3,261,0,1062,5279,1309,20,498,175,0,0,0,187,0,46,13,11,0,0,0,0,0,0,0,0,0,828,10,7788,0,1216,10,5581,212,0,0,208,2,0,0,85,23,0,1514,0,0,2559,889,0,23125,4043,0,3,5668,2044,0,0,14,0,439,2,0,0,558,0,72,70,0,38,2333,0,0,0,5371,73,0,0,12,0,0,0,143,531,1224,0,0,0,0,14,4,0,0,0,325,0,59,1,23,0,0,531,0,0,1583,9321,0,0,0,32,0,0,920,0,3,0,0,0,0,0,0,345,0,0,0,0,0,197,0,123,0,0,0,9,0,0,2,0,0,0,0,0,18,0,0,0,0,5,0,0,0,4407,0,14,166,152,0,0,0,0,0,0,0,216,0,0,0,0,0,2518,0,1,0,0,0,0,0,0,0,0,0,0,0,0,0,0,0,0,2,0,0,79,0,0,1656,0,75,0,1417,0,46,0,0,0,0,0,633,819,2151,6270,0,0,194,1490,1055,0,0,1,5287,0,3,62,281,2419,0,0,240,266,59,1,3,0,0,1040,2406,1068,5084,7390,1405,1748,4626,0,0,11,0,0,1523,0,0,0,0,0,909,1229,0,5513,90,9238,0,2731,0,0,0,0,0,111,56,19,0,14,385,18,1,0,0,241,2760,1354,3879,0,0,0,0,0,0,0,0,0,1,0,23,0,7,447,927,22,0,2674,0,0,0,0,33,0,0,0,0,0,0,0,105,0,0,23,0,0,0,1387,0,0,0,0,0,0,0,0,4,158,37,123,0,0,0,0,0,0,0
"ensemble","ssp245",2041,NA,NA,NA,1613,NA,NA,NA,NA,NA,NA,NA,NA,NA,9408,1331,12705,14875,NA,7505,NA,NA,28,NA,1265,NA,NA,1,6,NA,635,121,NA,NA,NA,NA,NA,32,44,NA,795,3692,192,1,137,1,NA,NA,NA,NA,NA,5,438,27,NA,NA,NA,NA,NA,NA,NA,NA,NA,2099,NA,13016,NA,1099,356,5712,376,NA,NA,142,1,NA,NA,47,40,2,2511,1,2,547,1792,NA,25800,3429,NA,5,6031,1260,NA,NA,NA,NA,6,NA,1,NA,3183,NA,5,1,NA,4,420,NA,NA,NA,6320,2,NA,NA,173,NA,NA,NA,22,417,881,NA,NA,NA,NA,7,2,NA,NA,NA,841,NA,1362,1,6,NA,NA,62,NA,NA,1371,7535,NA,NA,NA,31,NA,NA,38,NA,3,NA,127,5,NA,NA,NA,66,NA,NA,NA,6,NA,40,NA,NA,NA,NA,NA,31,NA,1,NA,NA,NA,NA,NA,NA,NA,NA,NA,NA,NA,10,NA,NA,1,7518,NA,NA,NA,912,NA,NA,NA,NA,NA,NA,NA,41,NA,NA,NA,NA,NA,4727,NA,NA,NA,NA,NA,NA,NA,NA,NA,NA,NA,NA,NA,NA,NA,NA,2,NA,8,NA,NA,133,NA,NA,1621,NA,380,NA,2233,NA,112,NA,NA,NA,NA,NA,939,320,732,6688,NA,NA,29,1372,1134,NA,NA,12,7832,12,NA,3,172,88,NA,NA,570,811,2,NA,23,NA,NA,1138,3617,562,4539,7989,472,293,2840,NA,NA,NA,NA,NA,348,NA,NA,NA,NA,NA,182,1615,3,5589,127,10994,NA,4677,NA,NA,NA,NA,NA,116,1,NA,NA,107,29,NA,NA,NA,NA,153,1367,266,3485,NA,2,NA,NA,NA,NA,NA,NA,NA,3,NA,NA,NA,NA,665,585,158,NA,660,NA,NA,NA,NA,1,NA,NA,NA,NA,NA,NA,NA,472,NA,NA,NA,NA,NA,NA,171,NA,NA,NA,NA,2,NA,1,NA,NA,97,13,47,NA,NA,NA,NA,NA,NA,NA
"ACCESS-ESM1-5","ssp245",2041,0,0,0,278,0,0,0,0,0,0,0,0,0,7621,3352,12437,19949,0,8396,0,0,1,0,176,0,2,1,412,0,23,12,0,0,0,0,0,17,100,0,2957,2213,0,0,43,0,0,0,0,0,0,0,111,71,0,0,0,0,0,0,0,0,0,1031,20,16306,0,1868,314,3469,0,0,0,23,0,0,0,27,0,0,1640,0,0,164,1676,0,21898,2887,0,22,8963,182,0,0,0,0,1,0,1,0,3549,0,0,8,0,0,6,0,0,0,2581,0,0,0,279,0,0,0,197,584,199,0,0,0,0,3,0,0,0,3,429,0,1089,0,0,0,0,0,0,0,262,7543,0,0,0,0,0,0,1,0,0,0,228,1,0,0,0,79,0,0,0,0,0,10,0,0,0,0,0,3,0,0,0,0,0,0,0,0,0,0,0,0,0,0,0,0,0,10381,0,0,22,346,0,1,0,0,0,0,0,8,0,0,0,0,0,7851,1,0,0,0,0,0,0,0,0,0,0,0,0,0,0,0,0,0,0,0,0,1,0,0,2129,0,128,0,964,0,2795,58,0,0,0,0,1732,412,826,4878,0,0,32,568,756,0,0,23,9196,355,217,0,3,1,0,0,30,143,0,3,11,0,0,975,4529,115,2666,4958,0,104,1430,0,0,0,0,1,93,0,0,0,0,67,540,1460,2,9895,77,13736,8,3529,0,0,0,0,0,57,71,14,0,3,3,0,0,0,0,86,4427,13,1315,0,0,0,0,0,0,0,0,0,1467,0,10,0,1,891,729,92,0,80,0,0,0,0,0,0,0,0,0,0,33,0,658,0,0,11,0,0,0,108,0,0,0,0,0,0,0,0,0,61,2,12,0,0,0,0,0,0,0
"BCC-CSM2-MR","ssp245",2041,0,0,0,694,0,0,0,0,0,0,0,0,0,13326,2214,14487,13416,25,11562,0,0,24,11,1063,0,0,13,0,0,219,181,0,0,0,0,0,115,75,0,2102,3319,63,0,132,1,0,0,0,22,0,24,403,111,0,0,0,0,0,0,0,0,0,1744,0,2786,0,2797,122,3959,67,0,0,244,0,0,0,68,6,25,1823,0,0,518,186,0,21493,4254,0,20,8696,564,0,0,0,0,6,0,5,0,6424,0,0,23,0,0,482,0,0,0,4555,0,0,0,109,0,0,0,112,567,1042,0,0,0,0,36,0,0,0,0,248,0,2364,0,0,0,0,29,0,0,1030,5856,0,0,0,58,0,0,16,0,9,0,589,14,0,0,0,153,0,0,0,7,0,30,0,11,0,0,0,0,0,27,0,0,0,0,0,0,0,0,0,1,0,13,0,0,1,15017,0,0,12,1480,0,0,0,0,0,0,0,25,0,0,0,0,0,3252,2,9,0,0,0,0,0,0,0,0,0,0,0,0,0,0,0,7,17,0,0,40,2,0,749,0,139,0,749,1,400,0,0,0,0,0,50,99,20,2384,0,0,5,318,199,0,0,0,3686,0,0,1,36,48,0,1,159,1488,7,87,28,0,0,712,3594,131,5312,9404,117,145,1750,4,0,0,0,0,381,0,0,0,0,27,97,2007,10,11294,40,14690,60,3870,0,0,0,0,12,398,37,11,0,183,55,0,0,0,0,723,3488,23,3401,0,0,0,0,0,0,0,0,0,1776,26,43,0,0,205,644,35,0,417,0,0,0,0,17,0,0,0,0,0,5,0,1059,0,0,8,0,0,0,148,0,0,0,0,0,0,0,0,0,27,17,207,0,0,0,0,0,0,0
"CNRM-ESM2-1","ssp245",2041,0,0,0,3774,0,0,0,0,0,0,0,0,0,6182,2106,7480,15112,0,3840,0,0,8,11,2361,0,0,3,0,0,1717,110,0,0,0,0,0,23,488,0,3491,4993,45,0,1071,1,3,0,0,13,0,0,3,72,0,0,0,0,0,0,0,0,0,1651,2,2883,0,4109,34,11245,0,0,0,901,4,0,0,138,13,0,1889,0,0,756,42,0,20148,2181,0,71,10146,80,0,0,6,0,529,1,0,0,832,0,118,34,0,44,2419,0,0,0,3579,4,0,0,111,0,0,0,25,472,237,0,0,0,0,6,4,0,0,0,13,0,236,0,0,0,0,621,0,0,2719,4095,0,0,0,154,0,0,192,0,1,0,320,22,0,16,0,640,6,0,0,63,7,135,0,35,0,0,0,118,0,57,0,0,0,0,0,0,16,0,0,7,0,23,0,0,21,8943,0,4,54,2193,0,38,0,0,0,0,0,57,0,0,0,0,0,3176,5,1,0,0,0,0,0,0,0,0,0,0,0,0,0,0,0,0,2,0,0,0,1,0,998,0,96,0,1482,0,64,0,0,0,0,0,38,565,261,4042,0,0,11,227,52,0,0,0,2280,0,0,8,1,268,0,0,239,217,23,1,7,0,0,3264,1816,263,4246,5973,195,315,8361,0,0,10,0,0,271,0,0,0,0,0,2033,9019,0,8087,632,6044,0,6503,33,0,0,0,0,1983,0,0,0,222,18,0,0,0,0,4566,7985,132,4753,0,351,0,0,0,0,0,0,0,0,0,0,0,1,34,1050,39,0,1123,0,0,0,0,169,0,0,0,0,0,0,0,1213,0,0,0,0,0,0,334,0,0,0,0,0,0,0,0,3,110,104,171,0,0,0,0,0,0,0
"EC-Earth3","ssp245",2041,0,0,0,1646,0,0,0,0,0,0,0,0,0,6053,1789,2585,21885,0,4857,0,0,0,2,1035,0,0,0,1,0,467,24,0,0,0,0,0,23,21,0,3860,4645,1,0,192,0,0,0,0,23,0,0,348,238,0,0,0,0,0,0,0,0,0,1053,0,15436,0,2379,464,10686,3,0,0,358,0,2,0,32,1,0,729,0,0,34,360,0,25878,2003,0,11,11076,37,0,0,0,0,12,0,1,0,695,0,3,119,0,3,322,0,0,0,1949,0,0,0,103,0,0,0,1,429,3,0,0,0,0,2,0,0,0,0,203,0,274,0,0,0,0,64,0,0,764,3942,0,0,0,0,0,0,94,0,0,0,94,31,0,0,0,271,1,0,0,0,0,63,0,0,0,0,0,72,0,0,0,0,0,0,0,0,0,0,0,0,0,1,0,0,0,5277,0,2,19,1301,0,0,0,0,0,0,0,17,0,0,0,0,0,4850,108,0,0,0,0,0,0,0,0,0,0,0,0,0,0,0,0,0,0,0,0,6,0,0,2099,0,142,0,2981,0,861,0,0,0,0,0,1013,2657,940,8086,0,1,113,835,573,0,0,0,5174,16,32,1,2,37,0,0,58,91,0,0,7,0,0,3023,2067,102,3886,5678,31,89,8393,0,0,0,0,2,280,0,0,0,0,0,2554,5427,1,2329,465,2215,0,3095,0,0,0,0,0,736,17,5,0,18,0,0,0,0,0,6070,13097,34,3080,0,92,0,0,0,0,0,0,0,1,0,0,0,18,432,1706,35,0,617,0,0,0,0,7,0,0,0,0,0,0,0,902,0,0,0,0,0,0,337,0,0,0,0,0,0,0,0,0,19,0,6,0,0,0,0,0,0,0
"GFDL-ESM4","ssp245",2041,0,0,0,209,0,0,0,0,0,0,0,0,0,8606,1167,21063,6829,114,8464,0,0,114,28,494,0,0,12,3,0,181,1401,0,0,0,0,0,262,184,0,681,1207,1207,72,139,157,0,0,0,78,0,740,883,78,0,0,0,5,0,45,0,0,0,2755,5,9318,0,1333,951,971,1612,0,0,164,1,20,0,824,90,16,2539,144,21,974,2655,1,16234,5058,0,2,2787,2787,0,0,39,0,4,0,57,0,4965,0,1,176,0,148,259,0,1,0,5009,1,0,0,171,0,0,0,77,3101,2053,0,3,0,0,228,0,0,0,0,4776,9,2288,8,277,0,0,11,0,0,496,5716,0,0,0,0,0,0,267,0,69,0,2,0,0,0,0,0,0,0,0,0,0,59,0,0,0,0,0,3,0,0,0,0,0,0,0,0,0,0,0,0,0,0,0,0,0,3676,0,1,0,180,0,0,0,0,0,0,0,67,0,0,0,0,0,2335,1,79,0,0,0,0,0,0,0,5,0,0,0,0,0,0,13,0,17,0,0,365,0,0,1077,0,614,0,1434,0,34,0,0,0,0,0,440,67,447,6666,0,0,3,1087,1175,0,0,24,5302,0,3,20,750,489,0,3,1384,3558,210,158,229,0,0,132,7035,1612,6311,10737,1645,567,984,44,0,0,0,0,354,0,0,0,0,0,0,248,74,10401,4,14002,1,847,0,0,0,0,0,0,0,0,0,3,1106,7,0,0,0,0,373,866,4643,0,0,0,0,0,0,0,0,0,15,0,0,0,0,802,1397,277,0,526,0,0,0,0,1,0,0,0,0,0,0,0,46,0,0,0,0,0,0,232,0,0,0,0,45,0,2,0,16,47,261,382,0,0,0,1,0,0,0
"GISS-E2-1-G","ssp245",2041,0,0,0,539,0,0,0,0,0,0,0,0,0,5634,897,21344,15699,0,4915,0,0,45,1,1666,0,0,0,0,0,737,147,0,0,0,0,0,57,660,0,882,3202,397,14,846,14,0,0,0,8,0,13,202,102,0,0,0,0,0,0,0,0,0,2564,106,12578,0,1481,1116,3638,316,0,0,163,5,1,0,105,178,1,2978,0,1,2796,1767,0,21932,3722,0,82,5015,1500,0,0,1,0,41,0,0,0,1342,0,16,144,0,8,800,0,0,0,8695,15,0,0,120,0,0,0,465,750,1182,0,0,0,0,7,1,0,0,0,1199,2,460,1,5,0,0,244,0,0,1671,9107,0,0,0,1,0,0,824,0,1,0,25,0,0,1,0,62,0,0,0,0,0,61,0,9,0,0,0,7,0,0,0,0,0,0,0,0,0,0,0,0,0,0,0,0,0,5124,0,4,10,139,0,0,0,0,0,0,0,35,0,0,0,0,0,3027,0,0,0,0,0,0,0,0,0,0,0,0,0,0,0,0,0,0,0,0,0,17,0,0,1922,0,369,0,1634,0,174,0,0,0,0,0,876,236,895,6057,0,0,170,2077,1477,0,0,26,7490,1,18,3,15,252,0,0,819,687,2,8,8,0,2,1893,4128,561,3447,6648,694,1053,3177,0,0,1,0,0,186,0,0,0,0,0,359,1734,4,4620,220,12096,0,3666,0,0,0,0,0,1,1,0,0,3,147,0,0,0,0,1,890,93,3338,0,0,0,0,0,0,0,0,0,0,0,0,0,1,829,1622,275,0,671,0,0,0,0,14,0,0,0,0,0,0,0,7,0,0,0,0,0,0,292,0,0,0,0,2,0,4,0,4,179,62,88,0,0,0,0,0,0,0
"MIROC6","ssp245",2041,0,0,0,0,0,0,0,0,0,0,0,0,0,5965,662,8844,7763,23,9435,0,0,0,3,80,0,199,10,1009,0,58,537,0,0,0,0,0,91,15,0,774,4146,131,337,27,37,0,0,0,0,0,447,703,29,0,0,0,0,0,16,0,0,1,2027,10,28282,0,361,2074,2148,686,0,0,100,0,350,0,674,220,9,2876,173,0,293,5039,0,16766,3068,0,1,2458,658,0,0,0,0,1,0,216,0,3361,0,0,1,0,31,5,0,0,8,2490,0,0,0,153,0,0,0,120,2454,726,0,0,0,0,20,0,0,0,6,6397,3,1273,17,52,292,0,49,0,0,195,8883,0,0,0,0,0,0,58,0,6,650,1,0,0,0,0,0,0,0,0,0,0,28,0,0,0,0,0,13,0,0,0,0,0,0,0,0,0,0,0,0,0,0,0,0,0,845,0,0,0,1,0,0,0,0,0,0,0,55,0,0,0,0,0,2997,0,0,0,0,0,0,0,0,0,17,0,0,0,0,0,0,12,0,0,0,0,246,0,0,2220,0,1271,0,2330,0,70,0,0,0,0,0,4201,13,942,6901,0,0,64,1875,7448,0,6,380,12358,786,453,1,319,133,0,1,1174,1055,175,1,217,0,0,505,6859,1728,3567,6944,1467,225,573,672,0,0,0,0,76,0,0,0,0,0,12,9,213,3475,23,10672,0,162,0,0,0,0,0,0,0,0,0,2,1,0,0,0,0,1,267,582,3022,0,0,0,0,0,0,0,0,0,0,0,0,0,4,3901,1226,1180,0,164,0,0,0,0,0,0,0,0,0,0,0,0,0,0,0,0,0,0,0,119,0,0,0,0,14,0,3,0,25,396,110,28,0,0,0,0,0,0,0
"MPI-ESM1-2-HR","ssp245",2041,0,0,0,1465,0,0,4,0,0,0,0,0,0,8131,1407,14549,6059,32,5768,0,0,621,2,2004,0,0,8,0,0,1128,475,0,0,0,0,0,109,660,0,530,4340,574,10,581,46,0,0,0,399,0,119,1096,74,0,0,0,1,0,0,19,0,0,2643,23,4025,0,1316,1779,7511,915,0,5,463,149,7,0,498,355,20,3275,45,99,2433,283,3,19293,4210,1,190,2889,1257,0,0,81,0,274,5,24,0,3317,0,20,51,0,75,2660,0,1,7,8313,95,0,0,118,0,0,0,183,778,2536,3,0,0,0,29,76,0,0,0,603,0,1895,20,72,0,0,1249,0,0,5039,6838,0,0,0,197,3,0,395,0,43,3,437,0,0,0,0,66,1,0,0,44,0,129,0,0,0,0,0,14,0,138,0,0,0,0,0,0,1,0,0,1,0,42,0,0,14,9120,0,78,96,1410,0,180,0,0,0,0,0,141,0,0,0,0,0,2718,0,122,0,0,0,0,0,0,0,0,0,0,0,0,0,0,0,0,3,0,0,0,0,0,1496,0,403,0,676,0,0,0,0,0,0,0,3,111,188,2116,0,0,58,476,560,0,0,177,4009,0,0,61,10,512,0,2,1590,670,150,0,82,4,0,1269,4021,1339,3977,6625,1487,1010,3339,120,0,0,0,0,77,0,0,0,0,0,212,4112,27,10131,259,11005,0,5788,9,0,0,0,0,27,0,0,0,178,532,0,1,0,3,582,873,525,4856,0,18,0,0,0,0,0,0,0,0,0,0,0,0,189,472,144,0,587,0,0,0,0,59,0,0,0,0,0,0,0,625,0,0,0,0,0,0,133,0,0,0,0,10,2,32,0,207,855,983,208,0,0,0,0,0,0,0
"MRI-ESM2-0","ssp245",2041,0,0,0,95,0,0,0,0,0,0,0,0,0,4977,213,10852,18723,0,4159,0,0,0,0,740,0,5,0,324,0,577,44,0,0,0,0,0,19,68,0,665,6568,269,24,187,22,0,0,0,8,0,11,238,36,0,0,0,0,0,0,0,0,0,1368,55,19237,0,471,314,4467,290,0,0,27,1,15,0,117,316,3,1925,0,0,2095,2091,0,21861,2890,0,0,3559,1590,0,0,0,0,47,0,0,0,603,0,6,91,0,2,290,0,0,0,5951,3,0,0,34,0,0,0,71,803,831,0,0,0,0,4,0,0,0,0,1448,0,187,0,7,0,0,174,0,0,634,12244,0,0,0,0,0,0,624,0,1,0,0,0,0,0,0,19,0,0,0,0,0,33,0,2,0,0,0,1,0,0,0,0,0,0,0,0,0,0,0,0,0,0,0,0,0,1697,0,0,1,20,0,0,0,0,0,0,0,101,0,0,0,0,0,5312,0,0,0,0,0,0,0,0,0,0,0,0,0,0,0,0,0,0,0,0,0,80,0,0,1914,0,414,0,3598,0,501,0,0,0,0,0,7907,217,4658,8292,0,0,152,5159,6421,0,0,86,10498,43,87,4,219,184,0,0,336,474,6,1,34,0,0,216,1660,857,3250,4749,851,1893,1864,4,0,0,0,0,406,0,0,0,0,0,102,280,1,3870,3,7607,0,1358,0,0,0,0,0,4,14,0,0,3,49,0,0,0,0,60,1747,509,2360,0,0,0,0,0,0,0,0,0,0,0,16,0,0,2723,1171,309,0,848,0,0,0,0,5,0,0,0,0,0,5,0,11,0,0,1,0,0,0,479,0,0,0,0,3,0,1,0,2,532,27,26,0,0,0,0,0,0,0
"ensemble","ssp245",2061,NA,NA,NA,1059,NA,NA,NA,NA,NA,NA,NA,NA,NA,8811,1422,9922,17759,NA,6347,NA,NA,1,NA,788,NA,NA,1,191,NA,389,26,NA,NA,NA,NA,NA,11,41,NA,1319,3443,24,NA,41,NA,NA,NA,NA,NA,NA,34,410,14,NA,NA,NA,NA,NA,NA,NA,NA,NA,1622,NA,20641,NA,960,449,5119,98,NA,NA,74,NA,6,NA,30,30,1,1624,NA,1,204,2346,NA,25511,3832,NA,1,5008,553,NA,NA,NA,NA,6,NA,NA,NA,1931,NA,3,NA,NA,NA,125,NA,NA,NA,3773,NA,NA,NA,171,NA,NA,NA,25,325,621,NA,NA,NA,NA,2,NA,NA,NA,NA,958,NA,921,NA,NA,NA,NA,20,NA,NA,726,9761,NA,NA,NA,NA,NA,NA,51,NA,NA,NA,39,NA,NA,NA,NA,11,NA,NA,NA,NA,NA,16,NA,NA,NA,NA,NA,6,NA,NA,NA,NA,NA,NA,NA,NA,NA,NA,NA,NA,NA,1,NA,NA,NA,5469,NA,NA,1,281,NA,NA,NA,NA,NA,NA,NA,20,NA,NA,NA,NA,NA,7007,5,NA,NA,NA,NA,NA,NA,NA,NA,NA,NA,NA,NA,NA,NA,NA,NA,NA,1,NA,NA,23,NA,NA,2537,NA,363,NA,2560,NA,427,NA,NA,NA,NA,NA,3555,438,1501,8903,NA,NA,71,1339,2238,NA,NA,6,10095,11,8,NA,54,53,NA,NA,368,292,1,NA,8,NA,NA,1550,2962,360,3568,6328,156,242,3581,NA,NA,NA,NA,NA,226,NA,NA,NA,NA,NA,676,1398,1,5527,110,9364,NA,2501,NA,NA,NA,NA,NA,9,NA,NA,NA,3,13,NA,NA,NA,NA,107,1896,45,2534,NA,1,NA,NA,NA,NA,NA,NA,NA,46,NA,NA,NA,NA,1998,608,179,NA,354,NA,NA,NA,NA,NA,NA,NA,NA,NA,NA,NA,NA,14,NA,NA,NA,NA,NA,NA,177,NA,NA,NA,NA,NA,NA,NA,NA,NA,92,NA,2,NA,NA,NA,NA,NA,NA,NA
"ACCESS-ESM1-5","ssp245",2061,0,0,0,60,0,0,0,0,0,0,0,0,0,5601,3147,11728,23777,0,5281,0,0,0,0,39,0,5,0,589,0,4,0,0,0,0,0,0,2,13,0,2490,1254,0,0,1,0,0,0,0,0,0,0,0,70,0,0,0,0,0,0,0,0,0,517,37,24532,0,1217,310,2792,0,0,0,4,0,0,0,1,0,0,1195,0,0,80,1754,0,24238,2713,0,14,8073,39,0,0,0,0,0,0,0,0,1536,0,0,10,0,0,0,0,0,0,1552,0,0,0,125,0,0,0,144,52,98,0,0,0,0,0,0,0,0,0,26,0,471,0,0,0,0,0,0,0,45,10729,0,0,0,0,0,0,0,0,0,0,35,0,0,0,0,8,0,0,0,0,0,9,0,0,0,0,0,1,0,0,0,0,0,0,0,0,0,0,0,0,0,0,0,0,0,4318,0,0,0,23,0,0,0,0,0,0,0,0,0,0,0,0,0,8497,2,0,0,0,0,0,0,0,0,0,0,0,0,0,0,0,0,0,0,0,0,0,0,0,2298,0,102,0,894,9,6197,615,0,0,0,0,4977,638,1796,5978,0,0,140,1389,1308,0,0,26,11202,1151,343,0,0,1,0,0,3,23,0,0,0,0,0,1042,3252,40,1412,2792,0,30,1649,0,0,0,0,0,4,0,0,0,0,531,1350,1030,0,6752,41,11357,0,1655,0,0,0,0,0,15,32,33,0,3,0,0,0,0,0,76,5270,5,519,0,0,0,0,0,0,0,0,0,3145,0,0,0,1,2014,676,219,0,5,0,0,0,0,0,0,0,0,0,0,219,0,237,0,0,136,0,0,0,4,0,0,0,0,0,0,0,0,0,21,0,3,0,0,0,0,0,0,0
"BCC-CSM2-MR","ssp245",2061,0,0,0,27,0,0,0,0,0,0,0,0,0,6260,2639,6195,21279,156,10818,0,0,0,0,8,0,32,0,3554,0,0,16,0,0,0,0,0,13,56,0,4474,7172,0,0,0,0,0,0,0,8,0,325,1307,16,0,0,0,0,0,0,0,0,0,1334,7,18539,0,2473,981,3230,4,0,0,20,0,8,0,35,0,10,499,5,0,29,864,0,25509,2365,0,0,6889,0,0,0,0,0,0,0,3,0,4592,0,0,47,0,1,25,0,0,0,638,0,0,0,89,0,0,0,83,600,29,0,1,0,0,1,0,0,0,54,1107,0,485,0,0,0,0,28,0,0,59,10525,0,0,0,0,0,0,110,0,0,12,79,0,0,0,0,0,0,0,0,0,0,0,0,0,0,0,0,0,0,0,0,0,0,0,0,0,0,0,0,0,0,0,0,0,0,8950,0,0,0,192,0,0,0,0,0,0,0,6,0,0,0,0,0,7665,94,1,0,0,0,0,0,0,0,0,0,0,0,0,0,0,0,0,0,0,0,0,0,0,1822,0,370,0,1481,0,663,0,0,0,0,0,5485,143,951,4433,0,0,35,145,3151,0,22,11,10567,483,159,0,4,2,0,0,0,157,0,0,2,0,0,368,2836,44,4123,5360,0,4,272,32,0,0,0,0,0,0,0,0,0,0,14,154,6,7467,38,6420,0,1966,0,0,0,0,0,0,0,0,0,3,0,0,0,0,0,512,3362,27,1589,0,0,0,0,0,0,0,0,0,269,0,0,0,0,4816,35,90,0,0,0,0,0,0,0,0,0,0,0,0,0,0,1370,0,0,0,0,0,0,0,0,0,0,0,0,0,0,0,0,21,2,0,0,0,0,0,0,0,0
"CNRM-ESM2-1","ssp245",2061,0,0,0,1488,0,0,0,0,0,0,0,0,0,8138,1184,12534,16015,0,5641,0,0,5,0,1182,0,0,2,0,0,628,45,0,0,0,0,0,13,213,0,2356,3413,34,0,271,0,0,0,0,97,0,15,43,70,0,0,0,0,0,0,0,0,0,2032,12,12053,0,1899,599,8175,7,0,0,235,0,1,0,43,75,0,1748,0,0,608,1507,0,21532,4016,0,49,6318,243,0,0,0,0,15,0,0,0,1086,0,4,25,0,0,359,0,0,0,4431,0,0,0,151,0,0,0,135,847,641,0,0,0,0,2,0,0,0,0,432,0,536,0,0,0,0,106,0,0,1228,5947,0,0,0,9,0,0,157,0,0,0,196,0,0,0,0,590,0,0,0,0,0,41,0,9,0,0,0,3,0,0,0,0,0,0,0,0,1,0,0,0,0,1,0,0,0,8654,0,0,13,470,0,0,0,0,0,0,0,15,0,0,0,0,0,4873,0,0,0,0,0,0,0,0,0,0,0,0,0,0,0,0,0,0,0,0,0,1,0,0,2575,0,210,0,1670,0,422,0,0,0,0,0,331,915,822,6604,0,3,80,1231,729,0,0,2,7279,0,29,0,0,61,0,0,243,227,0,0,0,0,0,2772,2523,315,3288,6084,142,381,5705,0,0,1,0,0,231,0,0,0,0,0,3326,5767,7,7377,688,9690,0,3580,0,0,0,0,0,730,17,1,0,3,2,0,0,0,0,397,5495,49,2785,0,28,0,0,0,0,0,0,0,0,0,0,0,1,369,1722,206,0,535,0,0,0,0,12,0,0,0,0,0,0,0,250,0,0,0,0,0,0,258,0,0,0,0,0,0,0,0,0,201,19,11,0,0,0,0,0,0,0
"EC-Earth3","ssp245",2061,0,0,0,653,0,0,0,0,0,0,0,0,0,5763,682,2446,21216,0,3739,0,0,0,0,437,0,1,0,24,0,170,3,0,0,0,0,0,16,6,0,3084,3773,2,0,22,0,0,0,0,0,0,0,7,45,0,0,0,0,0,0,0,0,0,545,1,25499,0,1540,447,7157,0,0,0,138,0,43,0,5,0,0,464,0,0,9,1094,0,27161,2670,0,4,8247,192,0,0,0,0,0,0,0,0,267,0,0,41,0,1,1,0,0,0,481,0,0,0,53,0,0,0,27,126,2,0,0,0,0,0,0,0,0,0,367,0,135,0,0,4,0,13,0,0,113,5752,0,0,0,0,0,0,127,0,0,0,12,4,0,0,0,181,0,0,0,0,0,85,0,0,0,0,0,23,0,0,0,0,0,0,0,0,0,0,0,0,0,0,0,0,0,1623,0,0,4,195,0,0,0,0,0,0,0,14,0,0,0,0,0,6830,0,0,0,0,0,0,0,0,0,0,0,0,0,0,0,0,0,0,0,0,0,11,0,0,2747,0,387,0,3097,1,2422,141,0,0,0,0,5446,3350,3715,10596,0,10,596,2079,2589,0,0,3,9162,50,116,0,12,1,0,0,25,16,0,1,2,0,0,2729,2269,41,2926,3997,15,11,6927,0,0,0,0,1,119,0,0,0,0,0,4519,3834,2,1686,220,1144,0,273,0,0,0,0,0,211,3,0,0,2,0,0,0,0,0,2246,13279,8,1760,0,6,0,0,0,0,0,0,0,0,0,0,0,4,2818,1632,146,0,347,0,0,0,0,0,0,0,0,0,0,17,0,96,0,0,0,0,0,0,259,0,0,0,0,0,0,0,0,0,9,0,1,0,0,0,0,0,0,0
"GFDL-ESM4","ssp245",2061,0,0,0,1920,0,0,0,0,0,0,0,0,0,11811,1873,9884,13758,74,8849,0,0,41,8,1050,0,0,12,0,0,384,512,0,0,0,0,0,72,131,0,1367,4905,146,0,134,4,0,0,0,247,0,212,478,130,0,0,0,0,0,0,0,0,0,2214,3,6003,0,2529,390,5608,125,0,0,306,2,3,0,265,101,12,1800,20,15,262,469,0,20350,3760,0,7,6117,285,0,0,31,0,50,0,2,0,5026,0,8,24,0,12,1137,0,4,0,3925,1,0,0,188,0,0,0,69,1195,1091,0,0,0,0,20,0,0,0,0,423,0,1888,7,1,0,0,173,0,0,1563,5918,0,0,0,138,1,0,67,0,12,0,1247,5,0,2,0,39,1,0,0,19,0,22,0,12,0,0,0,32,0,25,0,0,0,0,0,0,0,0,0,0,0,16,0,0,0,12862,0,19,11,2908,0,1,0,0,0,0,0,38,0,0,0,0,0,3227,16,30,0,0,0,0,0,0,0,0,0,0,0,0,0,0,0,0,5,0,0,0,0,0,1181,0,329,0,2027,0,105,0,0,0,0,0,98,524,295,6406,0,0,19,572,467,0,0,35,3758,0,0,11,1,191,0,2,335,763,17,5,46,0,0,997,2754,642,5338,9513,458,385,2748,8,0,0,0,0,392,0,0,0,0,0,92,2192,3,10328,187,9556,0,6074,4,0,0,0,0,205,0,0,0,92,227,0,1,0,0,1128,2185,126,4164,0,3,0,0,0,0,0,0,0,0,0,17,0,0,340,1581,90,0,698,0,0,0,0,17,0,0,0,0,0,0,0,1231,0,0,0,0,0,0,277,0,0,0,0,3,0,0,0,2,279,124,111,0,0,0,0,0,0,0
"GISS-E2-1-G","ssp245",2061,0,0,0,464,0,0,0,0,0,0,0,0,0,6155,702,17155,19014,0,3635,0,0,4,0,1233,0,0,0,0,0,459,43,0,0,0,0,0,23,537,0,1398,3215,143,7,313,13,0,0,0,1,0,1,4,66,0,0,0,0,0,0,0,0,0,2295,115,17869,0,1250,776,3496,198,0,0,116,0,0,0,46,240,0,2576,0,0,1490,2772,0,23958,4328,0,18,4603,926,0,0,0,0,38,0,0,0,621,0,6,71,0,1,199,0,0,0,5646,0,0,0,98,0,0,0,408,601,809,0,0,0,0,0,0,0,0,0,1375,1,248,0,0,0,0,101,0,0,846,10423,0,0,0,0,0,0,557,0,1,0,8,0,0,0,0,38,0,0,0,0,0,25,0,4,0,0,0,5,0,0,0,0,0,0,0,0,0,0,0,0,0,0,0,0,0,3098,0,2,5,32,0,0,0,0,0,0,0,15,0,0,0,0,0,4069,0,0,0,0,0,0,0,0,0,0,0,0,0,0,0,0,0,0,0,0,0,18,0,0,2281,0,458,0,2136,0,452,0,0,0,0,0,1689,452,1963,8711,0,0,349,3041,1986,0,0,20,8493,0,60,0,55,234,0,0,618,220,0,10,5,0,4,2171,3311,609,3014,5235,386,554,4651,0,0,1,0,0,180,0,0,0,0,0,552,1854,3,4761,47,9646,0,2633,0,0,0,0,0,1,4,0,0,2,20,0,1,0,0,25,1602,64,2772,0,1,0,0,0,0,0,0,0,53,0,0,0,2,1277,2420,447,0,728,0,0,0,0,1,0,0,0,0,0,0,0,3,0,0,13,0,0,0,417,0,0,0,0,0,0,0,0,0,167,23,4,0,0,0,0,0,0,0
"MIROC6","ssp245",2061,0,0,0,0,0,0,0,0,0,0,0,0,0,4820,995,8201,10955,12,9447,0,0,0,6,42,0,152,13,1676,0,33,40,3,0,0,0,0,90,29,0,1188,4213,5,7,22,0,0,0,0,0,0,238,1896,28,0,0,0,0,0,1,0,0,0,1863,1,29246,0,285,2148,2787,180,0,0,35,0,164,0,129,104,4,2327,47,0,161,3064,0,19345,2423,0,2,4026,359,0,0,0,0,4,0,25,0,3374,0,0,24,0,3,1,0,0,0,2540,0,0,0,187,0,0,0,262,974,705,0,0,0,0,0,0,0,0,3,2171,0,1582,3,1,65,0,61,0,0,29,12041,0,0,0,0,0,0,38,0,0,917,0,0,0,0,0,0,0,0,0,0,0,43,0,0,0,0,0,17,0,0,0,0,0,0,0,0,0,0,0,0,0,1,0,0,0,1098,0,0,0,14,0,0,0,0,0,0,0,24,0,0,0,0,0,5038,58,0,0,0,0,0,0,0,0,0,0,0,0,0,0,0,0,0,0,0,0,22,0,0,3375,0,950,0,2403,0,176,0,0,0,0,0,6628,59,1501,6726,0,1,65,1231,7337,0,35,203,13992,1170,681,0,3,4,0,0,483,418,8,0,69,0,0,616,7223,772,2736,6068,219,186,989,280,0,0,0,0,5,0,0,0,0,0,18,36,91,2778,27,9704,0,754,0,0,0,0,0,0,0,0,0,2,0,0,0,0,0,101,380,91,2127,0,0,0,0,0,0,0,0,0,0,0,0,0,12,5243,626,914,0,13,0,0,0,0,0,0,0,0,0,0,0,0,74,0,0,0,0,0,0,49,0,0,0,0,0,0,0,0,2,121,6,0,0,0,0,0,0,0,0
"MPI-ESM1-2-HR","ssp245",2061,0,0,0,856,0,0,0,0,0,0,0,0,0,8420,1770,17023,9035,0,6264,0,0,238,1,1243,0,0,5,0,0,533,213,0,0,0,0,0,60,557,0,499,2171,324,9,955,10,0,0,0,263,0,0,555,148,0,0,0,0,0,0,0,0,0,2340,10,8126,0,1112,1212,6615,315,0,0,279,41,2,0,242,328,4,2410,1,24,1638,734,0,20794,4898,0,145,3078,1018,0,0,15,0,329,1,0,0,2379,0,15,25,0,9,1180,0,0,2,7780,13,0,0,252,0,0,0,153,1002,1839,0,0,0,0,15,5,0,0,0,732,1,1821,17,3,0,0,351,0,0,2615,6557,0,0,0,49,0,0,353,0,12,0,342,4,0,0,0,283,0,0,0,0,0,96,0,15,0,0,0,17,0,4,0,0,0,0,0,0,0,0,0,0,0,2,0,0,0,9291,0,25,181,896,0,8,0,0,0,0,0,43,0,0,0,0,0,3196,0,0,0,0,0,0,0,0,0,0,0,0,0,0,0,0,0,0,1,0,0,0,0,0,2199,0,285,0,1256,0,72,0,0,0,0,0,78,554,578,4456,0,0,106,966,1005,0,0,75,5997,0,2,5,0,109,0,0,740,790,92,0,32,2,0,1870,3818,655,3133,6686,937,1285,3856,0,0,1,0,0,135,0,0,0,0,0,886,5339,5,8814,414,14222,0,6130,0,0,0,0,0,173,0,0,0,4,170,0,0,0,0,263,927,123,3152,0,25,0,0,0,0,0,0,0,0,0,0,0,0,478,568,108,0,361,1,0,0,0,57,0,0,0,0,0,0,0,44,0,0,0,0,0,0,106,0,0,0,0,0,0,14,0,86,775,257,194,0,0,0,0,0,0,0
"MRI-ESM2-0","ssp245",2061,0,0,0,27,0,0,0,0,0,0,0,0,0,4887,122,19957,13303,0,3499,0,0,0,0,724,0,19,0,186,0,635,19,0,0,0,0,0,0,211,0,421,2617,191,53,15,13,0,0,0,0,0,10,31,16,0,0,0,0,0,0,0,0,0,339,146,24237,0,308,452,1189,958,0,0,1,0,1,0,51,127,0,945,0,0,3001,5009,0,17149,3826,0,9,2065,2595,0,0,0,0,6,0,0,0,730,0,0,86,0,0,0,0,0,0,3635,12,0,0,15,0,0,0,380,270,911,0,0,0,0,9,0,0,0,0,2166,0,67,0,0,3,0,0,0,0,94,11063,0,0,0,0,0,0,78,0,0,0,0,0,0,0,0,0,0,0,0,0,0,45,0,0,0,0,0,1,0,0,0,0,0,0,0,0,0,0,0,0,0,0,0,0,0,930,0,0,0,5,0,0,0,0,0,0,0,184,0,0,0,0,0,7761,0,0,0,0,0,0,0,0,0,5,0,0,0,0,0,0,13,0,0,0,0,225,0,0,1948,0,147,0,2342,0,839,20,0,0,0,0,8009,160,2676,10255,0,0,132,6051,6546,0,0,108,11111,8,45,0,781,148,0,0,669,322,0,5,23,0,1,527,5304,513,3159,4023,160,1947,2911,1,0,0,0,0,55,0,0,0,0,0,13,92,75,4601,0,10665,123,342,0,0,0,0,0,0,36,0,0,3,12,29,0,0,0,0,458,420,1841,0,0,0,0,0,0,0,0,0,304,0,0,0,0,2652,1096,487,0,748,0,0,0,0,0,0,0,0,0,0,0,0,2,0,0,54,0,0,0,269,0,0,0,0,0,0,0,0,0,532,4,56,0,0,0,0,0,0,0
"ensemble","ssp245",2081,NA,NA,NA,349,NA,NA,NA,NA,NA,NA,NA,NA,NA,8166,1705,9442,20658,NA,5697,NA,NA,NA,NA,202,NA,NA,NA,71,NA,89,NA,NA,NA,NA,NA,NA,14,4,NA,1314,2406,NA,NA,4,NA,NA,NA,NA,NA,NA,NA,31,NA,NA,NA,NA,NA,NA,NA,NA,NA,NA,1250,1,25281,NA,589,309,3903,1,NA,NA,12,NA,2,NA,1,NA,NA,1342,NA,NA,115,1997,NA,28377,3108,NA,NA,6214,345,NA,NA,NA,NA,NA,NA,NA,NA,1724,NA,1,NA,NA,NA,10,NA,NA,NA,3158,NA,NA,NA,105,NA,NA,NA,55,98,435,NA,NA,NA,NA,3,NA,NA,NA,1,724,NA,663,NA,NA,NA,NA,NA,NA,NA,115,10296,NA,NA,NA,NA,NA,NA,1,NA,NA,2,3,NA,NA,NA,NA,2,NA,NA,NA,NA,NA,8,NA,NA,NA,NA,NA,5,NA,NA,NA,NA,NA,NA,NA,NA,NA,NA,NA,NA,NA,NA,NA,NA,NA,2816,NA,NA,NA,36,NA,NA,NA,NA,NA,NA,NA,3,NA,NA,NA,NA,NA,10250,NA,NA,NA,NA,NA,NA,NA,NA,NA,NA,NA,NA,NA,NA,NA,NA,NA,NA,NA,NA,NA,17,NA,NA,2779,NA,399,NA,1983,NA,1200,267,NA,NA,NA,NA,8344,438,1664,7695,NA,NA,134,1623,3691,NA,2,1,12300,54,4,NA,130,4,NA,NA,132,146,NA,NA,1,NA,NA,1337,3141,140,2862,4720,1,69,2733,1,NA,NA,NA,NA,82,NA,NA,NA,NA,NA,1161,946,3,2879,91,7464,NA,944,NA,NA,NA,NA,NA,2,7,NA,NA,3,NA,NA,NA,NA,NA,112,3661,1,1525,NA,1,NA,NA,NA,NA,NA,NA,NA,227,NA,NA,NA,NA,2544,344,307,NA,36,NA,NA,NA,NA,NA,NA,NA,NA,NA,NA,2,NA,10,NA,NA,NA,NA,NA,NA,32,NA,NA,NA,NA,NA,NA,NA,NA,NA,9,NA,NA,NA,NA,NA,NA,NA,NA,NA
"ACCESS-ESM1-5","ssp245",2081,0,0,0,11,0,0,0,0,0,0,0,0,0,4174,3870,9983,21115,0,4422,0,0,0,0,2,0,1,0,1071,0,1,0,0,0,0,0,0,0,1,0,2130,849,0,0,0,0,0,0,0,0,0,0,0,76,0,0,0,0,0,0,0,0,0,313,18,30919,0,957,472,1321,0,0,0,0,0,0,0,0,0,0,477,0,0,7,1433,0,23416,1956,0,1,7882,2,0,0,0,0,0,0,0,0,1675,0,0,16,0,0,0,0,0,0,337,0,0,0,73,0,0,0,88,36,111,0,0,0,0,0,0,0,0,25,2,0,338,0,0,0,0,0,0,0,4,11453,0,0,0,0,0,0,0,0,0,0,2,0,0,0,0,0,0,0,3,0,0,5,0,0,0,0,0,0,0,0,0,0,0,0,0,0,0,0,0,0,0,0,0,5,0,1666,0,0,0,0,0,0,0,0,0,0,0,0,0,0,0,0,0,9202,3,0,0,0,0,0,0,0,0,0,0,0,0,0,0,0,0,0,0,0,0,0,0,0,1881,0,70,0,567,19,10958,1284,0,0,0,0,11755,864,1817,4717,0,0,210,920,1554,0,0,67,13325,1823,268,0,0,0,0,0,0,17,0,1,0,0,0,611,2274,8,804,1775,0,1,740,0,0,0,0,0,0,0,0,0,0,843,1091,247,0,6201,0,11263,0,939,0,0,0,0,0,2,10,69,0,2,0,0,0,0,0,138,4150,0,206,0,0,0,0,0,0,3,0,0,5123,0,0,0,2,2482,155,132,0,0,0,0,0,0,0,0,0,0,0,0,108,0,300,0,0,188,0,0,0,0,0,0,0,0,0,0,0,0,0,10,0,0,0,0,0,0,0,0,0
"BCC-CSM2-MR","ssp245",2081,0,0,0,81,0,0,0,0,0,0,0,0,0,6645,2049,6077,30390,0,5609,0,0,0,0,100,0,16,0,423,0,28,0,0,0,0,0,0,8,15,0,3181,6481,0,0,0,0,0,0,0,0,0,0,149,17,0,0,0,0,0,0,0,0,0,817,43,18607,0,1646,510,4338,0,0,0,21,0,0,0,5,0,0,730,0,0,12,393,0,31635,1835,0,0,8853,1,0,0,0,0,0,0,0,0,2146,0,0,43,0,0,0,0,0,0,1108,0,0,0,9,0,0,0,242,130,9,0,0,0,0,0,0,0,0,208,261,0,173,0,0,0,0,0,0,0,43,8307,0,0,0,0,0,0,2,0,0,0,6,2,0,0,0,9,0,0,0,0,0,6,0,0,0,0,0,0,0,0,0,0,0,0,0,0,0,0,0,0,0,0,0,0,0,4121,0,0,0,42,0,4,0,0,0,0,0,1,0,0,0,0,0,8684,48,0,0,0,0,0,0,0,0,0,0,0,0,0,0,0,0,0,0,0,0,0,0,0,2106,0,362,0,586,0,1615,227,0,0,0,0,9223,314,2038,4147,0,0,181,857,3172,0,14,11,11909,895,406,0,0,0,0,0,0,49,0,0,0,0,0,1356,3133,31,3137,3959,0,3,1545,6,0,0,0,0,0,0,0,0,0,27,1254,743,3,3169,173,3437,0,716,0,0,0,0,0,6,22,21,0,3,0,0,0,0,0,977,10201,0,1051,0,0,0,0,0,0,0,0,0,439,0,0,0,4,2425,428,844,0,4,0,0,0,0,0,0,0,0,0,0,76,0,264,0,0,26,0,0,0,1,0,0,0,0,0,0,0,0,0,3,0,0,0,0,0,0,0,0,0
"CNRM-ESM2-1","ssp245",2081,0,0,0,1549,0,0,0,0,0,0,0,0,0,7401,1782,6568,20409,0,2889,0,0,0,2,827,0,0,0,0,0,382,10,0,0,0,0,0,3,74,0,3467,1539,0,0,236,0,0,0,0,11,0,0,62,20,0,0,0,0,0,0,0,0,0,845,13,15156,0,1810,183,9415,0,0,0,244,0,0,0,7,0,0,871,0,0,93,623,0,26577,3086,0,7,9507,45,0,0,0,0,8,0,0,0,224,0,1,134,0,0,79,0,0,0,2303,0,0,0,25,0,0,0,85,368,160,0,0,0,0,0,0,0,0,0,22,0,304,0,0,0,0,4,0,0,571,4290,0,0,0,0,0,0,73,0,0,0,51,19,0,4,0,876,0,0,0,0,0,60,0,0,0,0,0,18,0,0,0,0,0,0,0,0,0,0,0,0,0,0,0,0,0,2558,0,0,21,150,0,1,0,0,0,0,0,0,0,0,0,0,0,6491,0,0,0,0,0,0,0,0,0,0,0,0,0,0,0,0,0,0,0,0,0,0,0,0,2936,0,99,0,1985,0,1674,51,0,0,0,0,708,3196,1334,7350,0,1,303,961,291,0,0,0,6673,13,27,0,0,15,0,0,109,49,0,0,0,0,0,3219,890,15,2410,3884,39,131,8201,0,0,1,0,0,88,0,0,0,0,2,6301,10591,1,5691,779,5091,0,2027,0,0,0,0,0,761,39,8,0,3,0,0,0,0,0,2346,13853,6,1731,0,50,0,0,0,0,0,0,0,399,0,0,0,2,352,1759,77,0,198,0,0,0,0,8,0,0,0,0,0,17,0,337,0,0,5,0,0,0,134,0,0,0,0,0,0,0,0,0,84,0,0,0,0,0,0,0,0,0
"EC-Earth3","ssp245",2081,0,0,0,197,0,0,0,0,0,0,0,0,0,5026,356,1763,24999,0,4364,0,0,0,0,114,0,4,0,78,0,67,0,0,0,0,0,0,3,2,0,2969,2360,0,0,0,0,0,0,0,0,0,0,0,66,0,0,0,0,0,0,0,0,0,137,0,22272,0,1429,242,6478,0,0,0,59,0,13,0,2,0,0,20,0,0,1,285,0,26749,1384,0,0,9147,34,0,0,0,0,0,0,0,0,133,0,0,10,0,0,0,0,0,0,189,0,0,0,32,0,0,0,11,7,0,0,0,0,0,0,0,0,0,1,37,0,135,0,0,0,0,0,0,0,58,4491,0,0,0,0,0,0,5,0,0,1,4,7,0,0,0,88,0,0,4,0,0,80,0,0,0,0,0,16,0,0,0,0,0,0,0,0,0,0,0,0,0,0,0,0,0,1303,0,0,0,44,0,6,0,0,0,0,0,0,0,0,0,0,0,10551,2,0,0,0,0,0,0,0,0,0,0,0,0,0,0,0,0,0,0,0,0,0,0,0,2843,0,193,0,2995,3,5572,745,0,0,0,0,9953,4244,3048,8014,0,0,515,2217,3511,0,0,1,10734,562,573,0,0,0,0,0,7,2,0,0,0,0,0,2299,1490,23,1754,2455,1,0,4908,0,0,0,0,0,6,0,0,0,0,3,5277,4513,0,378,337,499,0,200,0,0,0,0,0,100,10,5,0,0,0,0,0,0,0,1752,18265,0,947,0,2,0,0,0,0,0,0,0,74,0,0,0,2,3462,1164,152,0,15,0,0,0,0,0,0,0,0,0,0,22,0,218,0,0,0,0,0,0,13,0,0,0,0,0,0,0,0,0,5,0,0,0,0,0,0,0,0,0
"GFDL-ESM4","ssp245",2081,0,0,0,541,0,0,0,0,0,0,0,0,0,8050,861,12267,18078,0,7532,0,0,0,2,230,0,6,0,98,0,60,219,0,0,0,0,0,41,24,0,991,4165,32,0,52,4,0,0,0,66,0,86,244,84,0,0,0,0,0,0,0,0,0,2099,23,21488,0,972,595,3715,53,0,0,23,0,53,0,99,6,2,1921,5,0,106,1405,0,23415,3570,0,1,5607,717,0,0,0,0,1,0,9,0,2700,0,0,314,0,7,277,0,0,0,2719,0,0,0,132,0,0,0,158,1227,569,0,0,0,0,11,0,0,0,0,1173,1,986,0,1,0,0,13,0,0,384,8385,0,0,0,30,0,0,386,0,1,1,74,0,0,0,0,37,0,0,0,0,0,20,0,3,0,0,0,0,0,0,0,0,0,0,0,0,0,0,0,0,0,0,0,0,0,6024,0,0,0,476,0,0,0,0,0,0,0,7,0,0,0,0,0,4229,0,0,0,0,0,0,0,0,0,2,0,0,0,0,0,0,0,0,1,0,0,116,0,0,1906,0,741,0,2287,0,467,0,0,0,0,0,1422,291,1313,8447,0,0,34,2904,3646,0,0,7,8859,0,43,2,100,50,0,0,231,600,0,46,86,0,0,402,5251,527,3758,8179,88,263,1421,8,0,0,0,0,474,0,0,0,0,0,159,321,16,6412,19,8554,0,3180,0,0,0,0,0,41,1,0,0,3,132,0,0,0,0,76,3084,108,2237,0,0,0,0,0,0,0,0,0,1,0,2,0,0,2939,1040,412,0,615,0,0,0,0,1,0,0,0,0,0,0,0,33,0,0,3,0,0,0,520,0,0,0,0,0,0,1,0,1,53,1,18,0,0,0,0,0,0,0
"GISS-E2-1-G","ssp245",2081,0,0,0,116,0,0,0,0,0,0,0,0,0,5734,687,23811,13730,0,3470,0,0,0,0,227,0,0,0,152,0,84,3,0,0,0,0,0,27,399,0,813,1860,10,1,43,1,0,0,0,0,0,0,0,27,0,0,0,0,0,0,0,0,0,2068,175,21778,0,687,1956,1381,13,0,0,9,0,0,0,9,7,0,3268,0,0,1939,4719,0,18001,3825,0,141,2870,670,0,0,0,0,0,0,0,0,819,0,0,26,0,7,3,0,0,0,5832,0,0,0,101,0,0,0,950,146,1046,0,0,0,0,1,0,0,0,0,1671,0,260,0,0,0,0,0,0,0,179,10349,0,0,0,0,0,0,13,0,0,0,2,0,0,0,0,0,0,0,0,0,0,7,0,1,0,0,0,0,0,0,0,0,0,0,0,0,0,0,0,0,0,0,0,0,0,2471,0,0,0,12,0,0,0,0,0,0,0,9,0,0,0,0,0,5174,0,0,0,0,0,0,0,0,0,0,0,0,0,0,0,0,0,0,0,0,0,5,0,0,2078,0,654,0,804,0,1305,98,0,0,0,0,3296,149,1211,8179,0,0,272,4264,3793,0,0,79,9778,0,49,0,88,43,0,0,179,159,0,3,1,0,0,1621,5944,315,2378,3861,20,96,2414,0,0,0,0,0,12,0,0,0,0,1,511,1178,7,7431,41,16287,2,1705,0,0,0,0,0,0,49,1,0,3,0,0,0,0,0,0,763,8,1657,0,0,0,0,0,0,0,0,0,1296,0,3,2,2,3233,1483,816,0,116,0,0,0,0,1,0,0,0,0,0,0,0,163,0,0,108,0,0,0,74,0,0,0,0,0,0,0,0,0,38,1,0,0,0,0,0,0,0,0
"MIROC6","ssp245",2081,0,0,0,0,0,0,0,0,0,0,0,0,0,3020,19,6533,6799,17,8575,0,0,0,0,1,0,204,7,3089,0,0,1,75,0,0,0,0,59,9,0,355,1673,0,1,0,0,0,0,0,0,0,225,472,0,0,0,0,0,0,6,0,1,377,1347,5,30432,0,37,3635,1110,23,0,0,1,0,2011,0,23,0,5,1297,22,0,96,3431,0,14950,1626,0,1,1426,184,0,0,0,0,0,0,39,0,2635,0,0,7,0,22,0,0,0,0,893,0,0,0,4,0,0,0,378,431,422,0,0,0,0,0,0,0,0,22,2631,0,595,0,0,315,0,0,0,0,1,11014,0,0,0,0,0,0,0,0,0,2729,0,0,0,0,0,0,0,0,0,0,0,0,0,0,0,0,0,4,0,0,0,0,0,0,0,0,0,0,0,0,0,0,0,0,0,234,0,0,0,0,0,0,0,0,0,0,0,17,0,0,0,0,0,8614,0,0,0,0,0,0,0,0,0,0,0,0,0,0,0,0,0,0,0,0,0,16,0,0,5479,0,734,0,1251,0,820,387,103,0,0,0,21905,2,1224,3442,0,0,124,2823,12792,0,1337,188,24098,3221,1359,0,10,0,0,0,204,206,0,0,28,0,0,290,5220,399,1638,3908,10,11,85,140,0,0,0,0,0,0,0,0,0,0,0,0,88,2234,0,6178,0,45,0,0,0,0,0,0,0,0,0,2,1,0,0,0,0,0,106,38,824,0,0,0,0,0,0,0,0,0,0,0,0,0,6,4663,484,1607,0,0,0,0,0,0,0,0,0,0,0,0,0,0,0,0,0,0,0,0,0,0,0,0,0,0,0,0,0,0,0,1,0,0,0,0,0,0,0,0,0
"MPI-ESM1-2-HR","ssp245",2081,0,0,0,271,0,0,2,0,0,0,0,0,0,8368,5103,17603,7344,2,10962,0,0,153,1,405,0,0,22,2,0,166,78,0,0,0,0,0,72,175,0,455,1709,2,0,934,0,0,0,0,80,0,0,1105,106,0,0,0,0,0,0,0,0,0,2039,41,7905,0,1533,1248,3258,3,0,0,219,17,1,0,89,114,14,2259,1,0,1308,621,1,21303,4315,0,30,3279,389,0,0,0,0,91,0,0,0,6004,0,131,86,0,1,201,0,0,0,7662,9,0,0,416,0,0,0,325,654,1885,0,0,1,0,4,0,0,0,0,742,1,2837,10,0,0,0,68,0,0,1088,5937,0,0,0,0,0,0,35,0,3,0,388,16,0,4,0,1,0,0,0,29,0,45,0,2,0,0,0,19,0,0,0,0,0,0,0,0,0,0,0,0,0,9,0,0,6,12024,0,0,0,533,0,41,0,0,0,0,0,12,0,0,0,0,0,4974,2,393,0,0,0,0,0,0,0,0,0,0,0,0,0,0,0,0,1,0,0,0,0,0,2481,0,138,0,640,0,254,0,0,0,0,0,33,326,43,4160,0,0,9,497,397,0,0,74,6674,0,1,0,0,2,0,1,280,727,39,0,3,6,0,2148,5413,252,2996,6440,73,839,1966,0,0,4,0,2,26,0,0,0,0,0,351,3411,14,10817,372,14617,3,8119,0,0,0,0,0,57,0,0,1,22,78,0,0,0,0,1055,1611,7,2352,0,83,0,0,0,0,0,0,0,125,0,0,0,0,179,427,18,0,0,0,0,0,0,0,0,0,0,0,0,0,0,554,0,0,0,0,0,0,0,0,0,0,0,0,0,6,0,45,524,170,159,0,0,0,0,0,0,0
"MRI-ESM2-0","ssp245",2081,0,0,0,6,0,0,0,0,0,0,0,0,0,4214,116,19048,11732,0,1861,0,0,0,0,545,0,25,0,39,0,565,0,0,0,0,0,0,0,222,0,258,1625,167,26,33,16,0,0,0,0,0,0,14,14,0,0,0,0,0,0,0,0,0,225,55,27675,0,54,161,582,824,0,0,6,0,1,0,5,20,0,912,0,0,2256,2784,0,14986,3338,0,4,1749,2367,0,0,0,0,2,0,4,0,306,0,0,52,0,0,0,0,0,0,4052,40,0,0,3,0,0,0,421,89,781,0,0,0,0,2,0,0,0,0,806,0,41,0,0,0,0,1,0,0,17,11325,0,0,0,0,0,0,57,0,0,0,0,0,0,0,0,0,0,0,0,0,0,11,0,0,0,0,0,0,0,0,0,0,0,0,0,0,0,0,0,0,0,0,0,0,0,217,0,0,0,4,0,0,0,0,0,0,0,31,0,0,0,0,0,9481,0,0,0,0,0,0,0,0,0,0,0,0,0,0,0,0,4,0,0,0,0,36,0,0,2449,0,106,0,2145,0,2057,249,0,0,0,0,13543,255,4771,10889,0,0,285,9660,7993,0,0,91,13954,8,98,0,422,101,0,0,489,181,0,0,2,0,1,613,2956,143,1712,2438,346,1416,5297,6,0,0,0,0,0,0,0,0,0,0,64,106,24,4447,0,9996,239,182,0,0,0,0,0,0,15,0,0,2,1,7,0,0,0,7,915,175,1371,0,0,0,0,0,0,0,7,0,2,0,0,0,2,2818,1614,515,0,246,0,0,0,0,0,0,0,0,0,0,0,0,11,0,0,27,0,0,0,26,0,0,0,0,0,0,0,0,0,102,0,8,0,0,0,0,0,0,0
